2.5306,0.014319,0,0
2.5654,0.01231,0,0
2.5648,0.012245,0,0
2.5642,0.010981,0,0
2.5636,0.011345,0,0
2.5631,0.012188,0,0
2.5626,0.012169,0,0
2.5467,0.011529,0,0
2.5461,0.010884,0,0
2.5646,0.008901,0,0
2.564,0.0088801,0,0
2.5635,0.011338,0,0
2.563,0.012413,0,0
2.563,0.01475,0,0
2.5626,0.012458,0,0
2.5812,0.012139,0,0
2.5809,0.011308,0,0
2.5805,0.010368,0,0
2.5609,0.008685,0,0
2.4821,0.0091338,1,0
2.4812,0.0078082,1,0
2.4676,0.0087934,1,0
2.4667,0.0081334,2,0
2.4831,0.010198,5,0
2.5625,0.0075237,0,0
2.5622,0.0057179,0,0
2.5801,0.0085703,0,0
2.5801,0.0088754,0,0
2.5801,0.0091642,0,0
2.4682,0.0086611,1,0
2.4672,0.0074763,2,0
2.4978,0.012295,2,0
2.5126,0.010205,1,0
2.512,0.010867,2,0
2.5807,0.0069545,0,0
2.467,0.0054594,3,0
2.4661,0.0059516,5,0
2.4653,0.0094268,6,0
2.481,0.0131,4,0
2.5132,0.0094386,1,0
2.5126,0.010052,2,0
2.512,0.010334,3,0
2.5115,0.0102,4,0
2.511,0.013236,4,0
2.5105,0.013425,3,0
2.4673,0.0054344,0,0
2.4665,0.0052011,0,0
2.4657,0.0058008,0,0
2.4649,0.0071255,0,0
2.4823,0.011401,0,0
2.4815,0.013703,0,0
2.4815,0.01163,5,0
2.4808,0.010684,5,0
2.4801,0.00812,5,0
2.4955,0.010439,4,0
2.4541,0.0090684,5,0
2.4532,0.00837,6,0
2.4655,0.010161,10,0
2.4647,0.01168,10,0
2.4822,0.011394,10,0
2.4815,0.010427,10,0
2.4808,0.0083788,10,0
2.4802,0.008124,10,0
2.4977,0.0070731,8,0
2.473,0.013317,7,0
2.4973,0.0010277,6,0
2.4967,0.0056914,3,0
2.471,0.0075143,14,0
2.4701,0.0066223,14,0
2.4693,0.0051318,14,0
2.498,0.00098904,9,0
2.4988,0.0010427,12,0
2.5313,0.0012258,0,0
2.5682,0.0097624,0,0
2.4999,0.00074117,15,0
2.5165,0.010757,6,0
2.5161,0.0085646,4,0
2.5157,0.0080171,2,0
2.5153,0.0086956,1,0
2.5324,0.0012735,0,0
2.5321,0.0012614,0,0
2.5506,0.011086,3,0
2.5504,0.0099042,5,0
2.5502,0.0049376,7,0
2.5174,0.0097772,11,0
2.517,0.0075572,9,0
2.5166,0.0078056,7,0
2.5162,0.0086803,6,0
2.5339,0.0085044,5,0
2.5336,0.0069865,5,0
2.5333,0.0045463,4,0
2.533,0.0061061,3,0
2.5328,0.00896,3,0
2.5325,0.012958,3,0
2.5514,0.012208,3,0
2.5513,0.010696,5,0
2.5511,0.006373,7,0
2.551,0.0063364,6,0
2.5509,0.0058331,5,0
2.5508,0.0089519,4,0
2.5699,0.0049934,0,0
2.57,0.0065964,0,0
2.5348,0.0084811,10,0
2.5345,0.0069577,10,0
2.5336,0.010054,4,0
2.5334,0.012299,2,0
2.5523,0.010759,0,0
2.552,0.0056387,2,0
2.5519,0.0056817,2,0
2.5518,0.0052875,2,0
2.5517,0.0080631,2,0
2.5709,0.0068692,0,0
2.5709,0.007064,0,0
2.5236,0.0085824,7,0
2.5535,0.011834,5,0
2.5532,0.0099269,2,0
2.5722,0.0080174,1,0
2.5529,0.0053622,1,0
2.5528,0.0055141,2,0
2.5527,0.0051005,2,0
2.5526,0.0074221,2,0
2.5718,0.0074999,0,0
2.5719,0.0065731,0,0
2.5544,0.011063,10,0
2.5542,0.0090593,7,0
2.554,0.0074954,6,0
2.5539,0.0057037,6,0
2.5537,0.0059026,7,0
2.5536,0.0040518,6,0
2.5536,0.0063826,5,0
2.5535,0.0075028,4,0
2.5535,0.0079418,2,0
2.5536,0.0085051,0,0
2.5728,0.00747,0,0
2.5545,0.005445,6,0
2.5545,0.0059606,3,0
2.5545,0.0070838,0,0
2.5555,0.0013039,10,0
2.5555,0.0013506,6,0
2.5555,0.0041778,2,0
2.5555,0.0077846,1,0
2.5565,0.0012761,14,0
2.5565,0.0013701,9,0
2.5565,0.0041653,4,0
2.5566,0.0070255,2,0
2.5504,0.010112,10,0
2.5492,0.010671,14,0
2.5576,0.0041382,6,0
2.5576,0.0061233,3,0
2.5577,0.0069749,0,0
2.5577,0.0076856,0,0
2.554,0.0026278,6,0
2.5527,0.006004,9,0
2.5514,0.0083984,13,0
2.5587,0.0012585,11,0
2.5587,0.004324,8,0
2.5587,0.0053661,5,0
2.5588,0.0061403,4,0
2.5589,0.0078889,3,0
2.5577,0.0065325,4,0
2.5564,0.002639,6,0
2.5598,0.00089225,16,0
2.5598,0.00089464,13,0
2.5598,0.00089797,10,0
2.5599,0.0013082,8,0
2.56,0.0057623,6,0
2.5588,0.0064776,9,0
2.5575,0.0023129,11,0
2.5613,0.0073055,12,0
2.5599,0.006415,14,0
2.5586,0.0014235,16,0
2.5625,0.012444,4,0
2.5627,0.013238,2,0
2.5633,0.013206,0,0
2.5696,0.011605,4,0
2.5681,0.011826,8,0
2.5441,0.00060555,19,0
2.5442,0.011558,14,0
2.5443,0.013494,9,0
2.5637,0.01463,6,0
2.5638,0.014285,3,0
2.5453,0.010611,0,0
2.5453,0.00060555,19,0
2.5454,0.011445,14,0
2.5455,0.013391,9,0
2.5719,0.0083588,5,0
2.5705,0.0075667,10,0
2.5732,0.012223,4,0
2.5717,0.011722,9,0
2.5744,0.015779,3,0
2.5729,0.014925,8,0
2.5312,0.0058121,14,0
2.5313,0.0082476,9,0
2.5757,0.019115,3,0
2.5742,0.017718,8,0
2.5146,0.014475,4,0
2.5148,0.015111,2,0
2.5333,0.014866,0,0
2.5335,0.014754,0,0
2.5955,0.019871,3,0
2.5941,0.018429,8,0
2.5159,0.013716,4,0
2.5161,0.013762,2,0
2.5163,0.013399,0,0
2.5166,0.01302,0,0
2.6165,0.024498,2,0
2.615,0.027135,6,0
2.4986,0.0064966,16,0
2.4988,0.0070006,11,0
2.499,0.0093462,6,0
2.4994,0.011259,0,0
2.6178,0.023281,2,0
2.6163,0.025954,5,0
2.5827,0.013546,10,0
2.5626,0.016389,12,0
2.562,0.018087,14,0
2.5,0.0046435,14,0
2.5001,0.0052378,9,0
2.5003,0.0055049,4,0
2.5008,0.0066112,0,0
2.6389,0.022774,2,0
2.6373,0.023693,4,0
2.6311,0.0095968,15,0
2.6301,0.0099392,11,0
2.5841,0.014263,5,0
2.564,0.01686,7,0
2.5634,0.018141,9,0
2.5017,0.0020637,2,0
2.5019,0.0020257,1,0
2.6403,0.023249,1,0
2.6388,0.021844,2,0
2.5027,0.0020534,12,0
2.5029,0.0020383,7,0
2.6417,0.022367,0,0
2.6402,0.019109,0,0
2.5042,0.001803,12,0
2.5043,0.0018689,7,0
2.6629,0.021131,0,0
2.6614,0.017704,0,0
2.5056,0.007555,10,0
2.5058,0.0066835,5,0
2.6644,0.0216,0,0
2.6629,0.017819,0,0
2.5071,0.014495,10,0
2.5072,0.012951,5,0
2.6629,0.0093707,0,0
2.6615,0.010373,5,0
2.66,0.011653,10,0
2.5269,0.017354,10,0
2.5271,0.015916,5,0
2.6841,0.009982,0,0
2.6827,0.010428,5,0
2.6812,0.01055,10,0
2.5468,0.018076,12,0
2.5469,0.017015,7,0
2.6858,0.011112,0,0
2.6843,0.011362,5,0
2.6828,0.010906,10,0
2.5484,0.016787,14,0
2.5485,0.017533,9,0
2.6677,0.012788,0,0
2.6662,0.013675,4,0
2.6648,0.014218,9,0
2.5503,0.021452,7,0
2.6496,0.011381,0,0
2.6679,0.012176,3,0
2.6664,0.013108,8,0
2.5334,0.0086289,16,0
2.6513,0.0060897,0,0
2.6498,0.0066585,2,0
2.6484,0.007341,7,0
2.647,0.0076575,12,0
2.5351,0.0078757,14,0
2.653,0.004586,0,0
2.6515,0.0048863,1,0
2.6501,0.0064113,5,0
2.6487,0.0072373,10,0
2.5367,0.0072473,12,0
2.6547,0.0031831,0,0
2.6532,0.0050939,0,0
2.6518,0.0072982,3,0
2.6504,0.0081921,8,0
2.5204,0.016303,2,0
2.5202,0.012429,7,0
2.6139,0.01117,14,0
2.614,0.016841,9,0
2.6564,0.0032092,0,0
2.6549,0.0061793,0,0
2.6535,0.0083119,2,0
2.6521,0.0092346,7,0
2.6705,0.010375,12,0
2.5039,0.015359,0,0
2.5221,0.016426,2,0
2.5219,0.012529,7,0
2.6156,0.0098634,10,0
2.6158,0.013182,5,0
2.6582,0.0032349,0,0
2.6567,0.0068168,0,0
2.6553,0.0086955,1,0
2.6736,0.0095127,6,0
2.6723,0.0103,11,0
2.5054,0.017091,3,0
2.5051,0.012935,8,0
2.5234,0.0084154,13,0
2.6585,0.0097027,0,0
2.6741,0.012101,10,0
2.4899,0.016712,2,0
2.5071,0.017927,3,0
2.5069,0.014754,8,0
2.5251,0.0087065,13,0
2.6191,0.0048392,10,0
2.4916,0.02119,3,0
2.5271,0.017837,8,0
2.5269,0.0083392,13,0
2.6209,0.0067094,8,0
2.6032,0.0059548,10,0
2.476,0.024983,4,0
2.5104,0.020497,9,0
2.5102,0.0072751,14,0
2.603,0.0015338,16,0
2.603,0.0086247,13,0
2.603,0.0086247,13,0
2.6226,0.012038,11,0
2.6228,0.0099568,7,0
2.4602,0.02618,6,0
2.5122,0.023693,12,0
2.512,0.0065709,17,0
2.6244,0.013776,8,0
2.6246,0.011362,6,0
2.462,0.023633,7,0
2.514,0.023504,14,0
2.5138,0.0014831,19,0
2.6461,0.01161,5,0
2.5838,0.042793,0,0
2.583,0.045366,0,0
2.4314,0.010912,0,0
2.4311,0.011579,0,0
2.4472,0.010477,0,0
2.4469,0.013528,0,0
2.4466,0.010508,5,0
2.4638,0.028649,7,0
2.648,0.013544,4,0
2.722,0.018266,14,0
2.4325,0.010662,0,0
2.4487,0.014701,0,0
2.4484,0.011994,5,0
2.4657,0.032526,7,0
2.5753,0.040542,12,0
2.5743,0.04307,7,0
2.4675,0.035704,6,0
2.5382,0.033784,13,0
2.538,0.027927,17,0
2.6715,0.020182,2,0
2.7039,0.019108,9,0
2.7027,0.019566,14,0
2.4055,0.018566,0,0
2.4694,0.038574,4,0
2.5401,0.032719,10,0
2.5399,0.032297,13,0
2.6735,0.018125,1,0
2.7059,0.023447,7,0
2.7047,0.023759,12,0
2.5237,0.042571,3,0
2.5235,0.030482,8,0
2.5419,0.036843,10,0
2.6683,0.02222,5,0
2.6671,0.021785,10,0
2.5625,0.041483,7,0
2.4095,0.014928,0,0
2.4581,0.029949,0,0
2.6403,0.011599,0,0
2.6403,0.011163,0,0
2.6526,0.029962,3,0
2.4114,0.016946,1,0
2.5549,0.032913,14,0
2.5538,0.022696,17,0
2.2953,0.037272,0,0
2.2947,0.0357,2,0
2.5143,0.046921,4,0
2.569,0.051668,4,0
2.5688,0.04604,4,0
2.3321,0.041881,6,0
2.3313,0.042707,2,0
2.2972,0.028331,0,0
2.2965,0.028265,2,0
2.2959,0.027708,2,0
2.3094,0.025526,2,0
2.6472,0.02697,0,0
2.647,0.017288,0,0
2.6469,0.014619,1,0
2.6665,0.015168,1,0
2.2689,0.023604,0,0
2.2683,0.024911,2,0
2.2677,0.025331,2,0
2.2811,0.025814,2,0
2.2806,0.023432,2,0
2.3102,0.022194,0,0
2.519,0.04672,4,0
2.4365,0.041987,6,0
2.4356,0.042604,8,0
2.3698,0.048483,9,0
2.369,0.054172,7,0
2.2426,0.026798,0,0
2.242,0.025432,2,0
2.2414,0.026035,2,0
2.2554,0.025958,2,0
2.2549,0.028844,2,0
2.2679,0.027326,2,0
2.2976,0.026679,0,0
2.2971,0.026514,0,0
2.2573,0.021038,1,0
2.2568,0.026715,1,0
2.2698,0.025535,1,0
2.2995,0.026927,0,0
2.299,0.028192,0,0
2.315,0.035697,0,0
2.491,0.049645,0,0
2.2677,0.034433,6,0
2.267,0.024038,3,0
2.2698,0.028228,8,0
2.269,0.020748,4,0
2.2241,0.0086373,0,0
2.2719,0.027429,8,0
2.2711,0.020875,4,0
2.2419,0.017991,0,0
2.2412,0.016554,0,0
2.2268,0.010333,0,0
2.2261,0.010533,0,0
2.2255,0.013196,0,0
2.3969,0.037525,8,0
2.274,0.032072,6,0
2.2732,0.02257,3,0
2.2426,0.010172,0,0
2.2419,0.010557,0,0
2.2412,0.014071,0,0
2.3518,0.046964,5,0
2.3202,0.041259,5,0
2.244,0.011863,0,0
2.2433,0.01622,0,0
2.354,0.041236,2,0
2.3224,0.041405,2,0
2.2461,0.013786,0,0
2.2454,0.019749,0,0
2.5125,0.01661,0,0
2.5091,0.016608,2,0
2.5085,0.017436,4,0
2.5095,0.014217,2,0
2.509,0.01561,4,0
2.5626,0.0049524,2,0
2.5622,0.00089923,2,0
2.5615,0.0070297,1,0
2.5609,0.0093783,0,0
2.5002,0.0087033,1,0
2.4812,0.0115,1,0
2.5039,0.0122,3,0
2.4848,0.012145,5,0
2.4831,0.012717,8,0
2.5432,0.0094903,1,0
2.5421,0.0091013,0,0
2.542,0.0093999,0,0
2.523,0.0096137,0,0
2.4412,0.013955,1,0
2.4406,0.019971,3,0
2.5426,0.0096242,0,0
2.467,0.02009,7,0
2.4458,0.010974,5,0
2.4418,0.013198,1,0
2.4412,0.0195,3,0
2.4577,0.021935,5,0
2.4502,0.013864,2,0
2.4322,0.012929,2,0
2.4314,0.012382,2,0
2.4306,0.010925,1,0
2.4299,0.0096696,0,0
2.4291,0.0086074,0,0
2.4291,0.0066005,3,0
2.4284,0.0051039,3,0
2.4278,0.0011268,3,0
2.5138,0.0020032,8,0
2.4895,0.018678,5,0
2.4704,0.019396,6,0
2.4141,0.0079664,4,0
2.4133,0.0073418,4,0
2.4298,0.0072488,6,0
2.4291,0.0060149,6,0
2.4285,0.0010097,6,0
2.4278,0.0010488,4,0
2.4272,0.012896,3,0
2.5094,0.01579,8,0
2.4155,0.018508,7,0
2.4148,0.0072287,9,0
2.414,0.0064171,9,0
2.4285,0.00090424,9,0
2.4279,0.016643,7,0
2.4274,0.0231,5,0
2.5467,0.0049866,0,0
2.471,0.010941,14,0
2.4701,0.01242,14,0
2.4693,0.022188,12,0
2.4162,0.020725,12,0
2.4155,0.0064303,14,0
2.4148,0.0057106,14,0
2.4293,0.00076418,14,0
2.4287,0.01881,12,0
2.4281,0.023931,10,0
2.4799,0.024914,10,0
2.4807,0.025355,15,0
2.5313,0.0012258,0,0
2.5491,0.008606,0,0
2.5165,0.014231,9,0
2.5342,0.0082546,6,0
2.5338,0.0063925,5,0
2.5334,0.0010759,5,0
2.5324,0.0010254,5,0
2.5321,0.0010101,5,0
2.5314,0.0010167,8,0
2.5313,0.0010831,11,0
2.5311,0.0011602,14,0
2.5355,0.0086354,14,0
2.5351,0.0080096,11,0
2.5347,0.006069,10,0
2.5343,0.0008737,10,0
2.5339,0.00085169,10,0
2.5336,0.00083065,10,0
2.5333,0.0008106,10,0
2.533,0.00092578,9,0
2.5328,0.004009,9,0
2.5325,0.0054001,9,0
2.5323,0.0063408,9,0
2.5321,0.0073617,11,0
2.532,0.0078241,15,0
2.5317,0.012736,0,0
2.5318,0.01004,0,0
2.5326,0.016095,0,0
2.5327,0.014232,0,0
2.5236,0.0062257,4,0
2.5343,0.008137,14,0
2.516,0.0083972,12,0
2.5158,0.0083938,11,0
2.5157,0.0071028,14,0
2.5156,0.0064119,15,0
2.5154,0.014193,11,0
2.5335,0.015437,0,0
2.5336,0.014381,0,0
2.5353,0.0086951,19,0
2.5169,0.0080239,17,0
2.5168,0.0074433,15,0
2.5166,0.00049683,17,0
2.5165,0.00049588,17,0
2.5163,0.012437,11,0
2.4981,0.013206,8,0
2.4981,0.013276,3,0
2.5164,0.014601,0,0
2.5164,0.014011,0,0
2.4991,0.0055442,8,0
2.4991,0.0057856,3,0
2.4991,0.0094574,0,0
2.5117,0.010339,2,0
2.5001,0.0041555,9,0
2.5001,0.0037151,4,0
2.5001,0.007422,0,0
2.5001,0.0090582,0,0
2.5011,0.0011256,13,0
2.5011,0.0050066,8,0
2.5011,0.008588,3,0
2.5011,0.0094343,3,0
2.4953,0.0072289,12,0
2.4941,0.0078963,13,0
2.5021,0.00083289,16,0
2.5021,0.0073262,11,0
2.5021,0.0095758,6,0
2.5021,0.0097107,6,0
2.5204,0.011474,4,0
2.5204,0.010434,2,0
2.5214,0.0095982,11,0
2.5214,0.011613,9,0
2.5398,0.0088661,5,0
2.5225,0.0091253,16,0
2.5225,0.01154,14,0
2.5409,0.0088038,10,0
2.5441,0.0087111,0,0
2.5259,0.00060008,19,0
2.526,0.0048323,16,0
2.5261,0.0056549,13,0
2.5453,0.0081841,0,0
2.5271,0.0012359,18,0
2.5272,0.0013845,15,0
2.5273,0.0014146,12,0
2.5349,0.018848,8,0
2.5334,0.010559,13,0
2.5546,0.025044,5,0
2.5532,0.02193,10,0
2.5298,0.0056978,12,0
2.5559,0.026395,5,0
2.5544,0.023965,10,0
2.531,0.0065545,17,0
2.5312,0.0052783,12,0
2.5496,0.0045879,7,0
2.5942,0.025515,5,0
2.5927,0.024298,10,0
2.5328,0.0042748,6,0
2.533,0.0054721,6,0
2.5955,0.024245,5,0
2.5941,0.022439,10,0
2.5341,0.0063573,6,0
2.5344,0.00773,6,0
2.6165,0.018221,5,0
2.615,0.014992,10,0
2.5351,0.0066975,16,0
2.5353,0.0071054,11,0
2.5355,0.0069548,9,0
2.5359,0.0079557,5,0
2.6178,0.016464,5,0
2.6163,0.014774,10,0
2.7094,0.0089908,12,0
2.6604,0.011245,12,0
2.6597,0.010039,14,0
2.5365,0.0075477,14,0
2.5367,0.0079615,9,0
2.5186,0.007837,6,0
2.5373,0.0070406,3,0
2.6389,0.013931,5,0
2.6373,0.010395,10,0
2.6914,0.0052052,14,0
2.6904,0.0067711,10,0
2.6829,0.010789,6,0
2.6618,0.011405,7,0
2.6612,0.010543,9,0
2.6605,0.0077954,10,0
2.52,0.0082978,3,0
2.5202,0.0078816,2,0
2.6403,0.01407,5,0
2.6388,0.010029,10,0
2.5393,0.0091806,12,0
2.5395,0.0093118,7,0
2.6417,0.016581,5,0
2.6402,0.012521,10,0
2.5408,0.0093015,12,0
2.5409,0.0094553,7,0
2.6432,0.015364,5,0
2.6417,0.011688,10,0
2.6979,0.0078508,11,0
2.5422,0.012344,10,0
2.5424,0.012666,5,0
2.6644,0.013544,5,0
2.6629,0.010441,10,0
2.6995,0.011801,7,0
2.5437,0.012602,13,0
2.5439,0.012919,9,0
2.6827,0.00615,14,0
2.6816,0.010831,9,0
2.5636,0.012926,16,0
2.5637,0.012892,12,0
2.648,0.0064833,6,0
2.6465,0.0054249,9,0
2.6451,0.0018207,14,0
2.6496,0.0070888,3,0
2.6482,0.0076276,5,0
2.6468,0.0054015,10,0
2.6454,0.0061974,14,0
2.6295,0.028392,10,0
2.5894,0.012138,15,0
2.5895,0.019155,10,0
2.6513,0.0075125,0,0
2.6498,0.0076334,1,0
2.6484,0.006266,5,0
2.647,0.0071059,10,0
2.6312,0.022373,10,0
2.591,0.01871,11,0
2.5912,0.022269,6,0
2.653,0.0083,0,0
2.6515,0.0081213,0,0
2.6501,0.0068283,3,0
2.6684,0.0076535,8,0
2.6314,0.021293,13,0
2.5927,0.019914,8,0
2.5929,0.021565,3,0
2.6547,0.0088459,0,0
2.6532,0.0090544,0,0
2.6518,0.0079175,2,0
2.6504,0.008784,7,0
2.6687,0.0098238,12,0
2.5204,0.010456,4,0
2.5202,0.011233,9,0
2.6333,0.01976,8,0
2.6335,0.021463,3,0
2.6564,0.0085493,0,0
2.6549,0.0096234,0,0
2.6535,0.0083358,1,0
2.6521,0.011283,5,0
2.6705,0.013353,9,0
2.6168,0.0082748,12,0
2.5223,0.0083504,1,0
2.5221,0.0067108,4,0
2.5219,0.0069344,9,0
2.6351,0.017693,7,0
2.6352,0.019889,2,0
2.6582,0.0082015,0,0
2.6567,0.010082,0,0
2.6553,0.0094658,0,0
2.6736,0.012593,3,0
2.6723,0.014557,6,0
2.5238,0.0044869,4,0
2.5236,0.0049479,9,0
2.5418,0.0056953,14,0
2.6585,0.010867,0,0
2.6741,0.01433,4,0
2.6924,0.011662,9,0
2.6911,0.009951,14,0
2.5258,0.0096617,3,0
2.5253,0.0058896,9,0
2.5251,0.0052645,14,0
2.6385,0.0024816,12,0
2.6943,0.010736,6,0
2.6929,0.0092606,11,0
2.5276,0.014347,4,0
2.5271,0.010148,9,0
2.5269,0.0077244,14,0
2.6404,0.0025066,11,0
2.6961,0.012609,3,0
2.6948,0.01074,8,0
2.5846,0.016526,10,0
2.5109,0.015844,5,0
2.5289,0.010851,10,0
2.5287,0.0069679,15,0
2.6423,0.0064345,8,0
2.698,0.014297,3,0
2.6967,0.012367,8,0
2.6954,0.0022702,13,0
2.4952,0.014868,7,0
2.5122,0.011407,13,0
2.512,0.0074916,17,0
2.6442,0.0079944,6,0
2.6999,0.020173,2,0
2.6986,0.017983,6,0
2.6973,0.017083,10,0
2.497,0.0092045,9,0
2.514,0.010941,16,0
2.5138,0.0074707,19,0
2.6264,0.013702,5,0
2.6265,0.008936,4,0
2.7005,0.022165,4,0
2.6992,0.020302,7,0
2.5004,0.011372,0,0
2.5,0.0075304,0,0
2.4997,0.0064814,0,0
2.4994,0.0054366,2,0
2.4991,0.0039334,7,0
2.6284,0.014663,3,0
2.6285,0.010027,3,0
2.6616,0.024231,5,0
2.5016,0.0060766,0,0
2.5013,0.0057047,2,0
2.501,0.0050817,7,0
2.6303,0.014797,2,0
2.6623,0.020888,7,0
2.6611,0.017958,12,0
2.5026,0.002545,12,0
2.6445,0.019069,5,0
2.6433,0.016333,10,0
2.5045,0.019476,9,0
2.6465,0.023488,4,0
2.6452,0.023745,9,0
2.6286,0.01974,3,0
2.6274,0.020323,8,0
2.5907,0.029132,11,0
2.5109,0.020105,0,0
2.6011,0.01573,0,0
2.6403,0.019594,0,0
2.6139,0.020936,1,0
2.5927,0.028822,9,0
2.5371,0.038815,12,0
2.536,0.022699,17,0
2.34,0.023144,0,0
2.3394,0.023688,0,0
2.5506,0.028962,2,0
2.569,0.029061,3,0
2.5688,0.019704,4,0
2.3966,0.016762,9,0
2.379,0.019055,5,0
2.3782,0.020943,1,0
2.3419,0.0081676,0,0
2.3413,0.009268,0,0
2.3407,0.010017,0,0
2.3401,0.0090309,0,0
2.3395,0.0087086,0,0
2.482,0.024731,1,0
2.517,0.032012,1,0
2.5167,0.034492,2,0
2.6078,0.012785,0,0
2.6077,0.011128,1,0
2.6075,0.01169,2,0
2.3438,0.0056114,0,0
2.3432,0.0067207,0,0
2.327,0.0070322,0,0
2.3264,0.0067154,1,0
2.3258,0.0057855,2,0
2.3253,0.0057207,3,0
2.3403,0.013553,3,0
2.519,0.037218,1,0
2.4533,0.026689,6,0
2.4523,0.026867,8,0
2.4022,0.024625,8,0
2.4013,0.023411,6,0
2.3457,0.0065292,0,0
2.3451,0.0078083,0,0
2.3289,0.0079785,0,0
2.3283,0.0072125,1,0
2.3277,0.0054214,2,0
2.3272,0.0057198,3,0
2.3423,0.013033,3,0
2.3418,0.021374,3,0
2.3302,0.0074937,1,0
2.3297,0.0041396,2,0
2.3453,0.028372,2,0
2.4346,0.0058008,7,0
2.447,0.021835,8,0
2.4302,0.011793,10,0
2.4255,0.015208,7,0
2.4248,0.017023,6,0
2.4493,0.021941,4,0
2.4325,0.014419,5,0
2.4278,0.01616,3,0
2.4271,0.019513,3,0
2.4659,0.01537,12,0
2.4582,0.0058079,0,0
2.4549,0.009332,2,0
2.4543,0.012221,4,0
2.4553,0.0070317,2,0
2.4547,0.010615,4,0
2.5249,0.019141,1,0
2.5245,0.01415,0,0
2.5241,0.0097307,0,0
2.5428,0.0088941,0,0
2.5424,0.008124,0,0
2.5418,0.009694,0,0
2.4821,0.010648,1,0
2.4631,0.012491,1,0
2.5039,0.011365,1,0
2.503,0.010297,2,0
2.4831,0.014124,5,0
2.5432,0.0087923,1,0
2.5611,0.0090818,0,0
2.5801,0.013506,0,0
2.5801,0.015021,0,0
2.5045,0.011657,1,0
2.5036,0.010073,2,0
2.4412,0.0062041,1,0
2.4406,0.0096661,2,0
2.5807,0.015136,0,0
2.4851,0.015112,3,0
2.4842,0.018429,5,0
2.4653,0.017052,6,0
2.4458,0.0071182,5,0
2.4418,0.0066725,1,0
2.4412,0.010172,2,0
2.4407,0.010623,3,0
2.4572,0.013405,4,0
2.4567,0.021852,4,0
2.4743,0.02333,3,0
2.4855,0.020977,0,0
2.4665,0.019145,0,0
2.4485,0.017389,0,0
2.4478,0.012732,0,0
2.447,0.0092432,0,0
2.4291,0.0088598,0,0
2.4291,0.0091006,5,0
2.4284,0.0068758,5,0
2.4278,0.0069568,5,0
2.5503,0.012828,0,0
2.5441,0.019311,2,0
2.525,0.020735,2,0
2.4483,0.010278,10,0
2.4476,0.0092829,10,0
2.4469,0.0092589,10,0
2.4462,0.0075628,10,0
2.4285,0.0071478,10,0
2.4278,0.0067164,10,0
2.4272,0.0073287,10,0
2.5478,0.013073,0,0
2.5458,0.013484,2,0
2.5066,0.021447,2,0
2.5057,0.023792,4,0
2.5049,0.024937,6,0
2.5074,0.020764,4,0
2.5065,0.020976,7,0
2.5056,0.022835,10,0
2.5132,0.0087208,0,0
2.6064,0.010551,0,0
2.5663,0.014928,10,0
2.4984,0.0073309,9,0
2.498,0.005808,6,0
2.4976,0.0041819,5,0
2.4972,0.0010605,5,0
2.4962,0.0086768,4,0
2.514,0.0077807,3,0
2.5314,0.012599,10,0
2.5681,0.0079482,11,0
2.5671,0.0087164,15,0
2.4993,0.00073687,14,0
2.4988,0.00081132,11,0
2.4984,0.00088359,10,0
2.498,0.00086052,10,0
2.4977,0.004182,10,0
2.4974,0.0075872,10,0
2.4971,0.0087288,9,0
2.5149,0.0079568,7,0
2.5146,0.0083673,7,0
2.5144,0.0071743,9,0
2.5323,0.0083749,11,0
2.5701,0.013383,12,0
2.57,0.012899,8,0
2.5699,0.012283,4,0
2.5891,0.0064623,0,0
2.5892,0.010526,0,0
2.572,0.0061153,9,0
2.5709,0.0016814,12,0
2.5155,0.0088809,9,0
2.5153,0.0078639,9,0
2.571,0.014038,8,0
2.5709,0.014491,5,0
2.5708,0.013799,2,0
2.59,0.0036365,0,0
2.5901,0.0074887,0,0
2.5162,0.0078721,13,0
2.516,0.0088863,12,0
2.5339,0.018917,10,0
2.5338,0.018408,10,0
2.5528,0.014336,8,0
2.5527,0.01473,5,0
2.5526,0.013365,2,0
2.5909,0.0048167,0,0
2.591,0.0072119,0,0
2.5171,0.0079218,17,0
2.5169,0.0089166,15,0
2.5349,0.017484,13,0
2.5347,0.017518,13,0
2.5537,0.014104,11,0
2.5536,0.014679,8,0
2.5536,0.013207,5,0
2.5727,0.012967,3,0
2.5918,0.011376,1,0
2.5919,0.0065422,0,0
2.592,0.0072653,0,0
2.5737,0.012939,8,0
2.5736,0.013456,5,0
2.5736,0.012508,2,0
2.5736,0.012132,0,0
2.5747,0.011897,7,0
2.5746,0.011514,3,0
2.5746,0.013503,0,0
2.5747,0.013659,0,0
2.5565,0.0087213,11,0
2.5565,0.0084423,6,0
2.5565,0.013125,2,0
2.5757,0.013875,1,0
2.5576,0.0095959,14,0
2.5576,0.0095062,9,0
2.5576,0.014143,4,0
2.5768,0.014407,2,0
2.596,0.012507,0,0
2.5961,0.008185,0,0
2.5778,0.01551,9,0
2.5779,0.015501,7,0
2.5971,0.013153,5,0
2.5972,0.0084119,4,0
2.5973,0.0064703,3,0
2.5789,0.014618,14,0
2.579,0.014186,12,0
2.5982,0.012083,10,0
2.5983,0.0086569,8,0
2.5984,0.0077276,6,0
2.5817,0.012384,4,0
2.5819,0.012253,2,0
2.6017,0.0076972,0,0
2.5633,0.0006086,19,0
2.5634,0.015148,14,0
2.5635,0.015532,9,0
2.5829,0.014589,6,0
2.583,0.013377,3,0
2.6029,0.0070662,0,0
2.5645,0.0078714,18,0
2.5646,0.014999,13,0
2.5647,0.016249,8,0
2.5164,0.010246,11,0
2.5149,0.0074379,16,0
2.5865,0.016116,10,0
2.5878,0.009619,15,0
2.5879,0.0089348,11,0
2.6073,0.0083673,8,0
2.5571,0.023923,9,0
2.5557,0.023483,14,0
2.6085,0.0093371,11,0
2.6086,0.0090688,8,0
2.6088,0.0082369,7,0
2.5584,0.021702,7,0
2.557,0.019452,12,0
2.5597,0.020365,5,0
2.5583,0.017367,10,0
2.5919,0.0066291,13,0
2.5921,0.0061033,10,0
2.5923,0.0056657,7,0
2.5928,0.0059999,7,0
2.5611,0.017586,5,0
2.5596,0.013939,10,0
2.6472,0.010903,12,0
2.5933,0.0016022,13,0
2.5935,0.0016101,9,0
2.5937,0.0016211,5,0
2.5942,0.0063457,4,0
2.581,0.017873,5,0
2.5795,0.014406,10,0
2.6709,0.011184,14,0
2.67,0.011818,10,0
2.5948,0.0020409,10,0
2.5949,0.0020473,5,0
2.5951,0.002056,0,0
2.5953,0.004849,0,0
2.5824,0.015969,5,0
2.5809,0.013428,10,0
2.5962,0.0020767,10,0
2.5964,0.0020828,5,0
2.5838,0.013631,5,0
2.5824,0.012354,10,0
2.5977,0.0064095,10,0
2.5979,0.0064119,5,0
2.5667,0.013807,4,0
2.5652,0.011438,8,0
2.6774,0.0023179,13,0
2.5992,0.0076939,10,0
2.5994,0.007696,5,0
2.5681,0.01345,3,0
2.5667,0.010547,6,0
2.679,0.0074885,9,0
2.5814,0.0081842,13,0
2.5816,0.0081864,9,0
2.5853,0.0059832,6,0
2.5839,0.0068008,11,0
2.5825,0.00781,16,0
2.5829,0.011508,13,0
2.5831,0.013708,9,0
2.5682,0.0054143,3,0
2.5668,0.0060455,8,0
2.5654,0.0069206,13,0
2.5697,0.0064812,0,0
2.5683,0.0063676,4,0
2.567,0.006075,9,0
2.5667,0.0069629,15,0
2.5669,0.010547,11,0
2.5713,0.0053877,0,0
2.5699,0.0044918,3,0
2.5685,0.0023635,8,0
2.4955,0.011268,6,0
2.4953,0.0091689,11,0
2.5135,0.0098297,16,0
2.5683,0.0017003,17,0
2.5685,0.007443,13,0
2.5687,0.0087088,9,0
2.5729,0.0062811,0,0
2.5715,0.0052473,2,0
2.5701,0.0024058,7,0
2.5688,0.0021726,12,0
2.6491,0.0073013,10,0
2.5151,0.0095291,13,0
2.5745,0.0070877,0,0
2.5731,0.0059613,1,0
2.5717,0.0025464,6,0
2.5704,0.0023139,11,0
2.6508,0.0048665,9,0
2.5167,0.0089953,11,0
2.5761,0.008361,0,0
2.5747,0.0066636,0,0
2.5733,0.0083931,4,0
2.572,0.0095254,9,0
2.5183,0.0095482,12,0
2.5778,0.0083234,0,0
2.5764,0.0076787,0,0
2.575,0.011361,3,0
2.5737,0.012796,8,0
2.6553,0.0023478,14,0
2.502,0.013901,2,0
2.5018,0.0086812,7,0
2.5795,0.0076936,0,0
2.5781,0.008009,0,0
2.5767,0.012883,2,0
2.5753,0.014291,7,0
2.6113,0.016004,12,0
2.657,0.0050118,15,0
2.656,0.0056606,10,0
2.5039,0.014281,0,0
2.5221,0.014709,2,0
2.5219,0.009659,7,0
2.5812,0.0096173,0,0
2.5798,0.011939,0,0
2.5784,0.017125,1,0
2.5957,0.018281,6,0
2.6131,0.019495,11,0
2.5054,0.017142,3,0
2.5051,0.011697,8,0
2.5234,0.010079,13,0
2.5815,0.015129,0,0
2.6148,0.020175,10,0
2.4899,0.021085,2,0
2.5071,0.021491,3,0
2.5069,0.015263,8,0
2.5251,0.0094011,13,0
2.6191,0.0019415,14,0
2.4916,0.025296,4,0
2.5271,0.023031,10,0
2.5269,0.010197,15,0
2.6209,0.0024885,11,0
2.6229,0.017217,10,0
2.476,0.027588,6,0
2.5289,0.030195,13,0
2.5287,0.0092692,18,0
2.6228,0.0062165,9,0
2.6782,0.034268,8,0
2.6769,0.029513,13,0
2.4428,0.02904,8,0
2.6246,0.010202,8,0
2.6801,0.032424,5,0
2.6788,0.02666,10,0
2.7181,0.019831,15,0
2.4446,0.023336,9,0
2.6265,0.011474,7,0
2.7214,0.02265,7,0
2.72,0.01798,12,0
2.5652,0.043535,0,0
2.5644,0.046112,0,0
2.4149,0.016663,0,0
2.4146,0.018205,0,0
2.4307,0.017889,0,0
2.4304,0.017571,0,0
2.4301,0.013003,5,0
2.4463,0.010229,10,0
2.648,0.013354,6,0
2.722,0.018284,9,0
2.416,0.018051,0,0
2.4322,0.019323,0,0
2.432,0.015214,5,0
2.4482,0.012318,10,0
2.5753,0.029779,14,0
2.5743,0.034654,9,0
2.45,0.026725,8,0
2.5932,0.014453,18,0
2.7039,0.015911,9,0
2.7027,0.0071271,14,0
2.3735,0.019099,0,0
2.4519,0.032531,6,0
2.5952,0.016322,14,0
2.7059,0.027025,6,0
2.7047,0.029695,11,0
2.5062,0.037412,9,0
2.5059,0.027996,14,0
2.708,0.029148,3,0
2.7068,0.032472,8,0
2.6283,0.03972,12,0
2.4095,0.023029,0,0
2.4581,0.031994,0,0
2.6403,0.02157,0,0
2.6599,0.016269,0,0
2.6526,0.03489,1,0
2.6303,0.049326,10,0
2.4114,0.028941,0,0
2.2953,0.028347,0,0
2.2791,0.024916,0,0
2.5143,0.05205,2,0
2.5503,0.053104,2,0
2.5501,0.045881,2,0
2.4002,0.036762,12,0
2.3993,0.034255,14,0
2.3175,0.039609,6,0
2.3167,0.039329,2,0
2.2972,0.021981,0,0
2.281,0.018957,0,0
2.2804,0.016379,0,0
2.2798,0.013647,0,0
2.2792,0.013087,0,0
2.4644,0.041211,2,0
2.6086,0.050411,2,0
2.6275,0.035486,0,0
2.6667,0.027065,0,0
2.6666,0.028431,0,0
2.6665,0.025953,0,0
2.4021,0.040343,7,0
2.4012,0.039004,9,0
2.2834,0.014841,0,0
2.2683,0.012803,0,0
2.2677,0.010363,0,0
2.2671,0.0079011,1,0
2.2666,0.0090898,2,0
2.266,0.0087292,3,0
2.2801,0.020712,3,0
2.5366,0.055317,2,0
2.3717,0.041338,2,0
2.3708,0.039966,4,0
2.3092,0.045699,5,0
2.3083,0.042786,5,0
2.2707,0.013678,0,0
2.2566,0.011494,0,0
2.256,0.0096231,0,0
2.269,0.0075306,1,0
2.2684,0.010353,2,0
2.2679,0.010609,3,0
2.282,0.022774,3,0
2.2815,0.030324,3,0
2.2709,0.0057639,1,0
2.2703,0.011213,2,0
2.3296,0.042608,2,0
2.491,0.052534,0,0
2.2677,0.018011,6,0
2.267,0.010453,3,0
2.3609,0.040831,9,0
2.2698,0.015772,8,0
2.269,0.012134,4,0
2.2662,0.015711,0,0
2.2719,0.028367,8,0
2.2711,0.018646,4,0
2.2567,0.012404,0,0
2.2559,0.013069,0,0
2.2552,0.013722,0,0
2.2683,0.018487,0,0
2.2676,0.024277,0,0
2.3969,0.034865,7,0
2.2888,0.033224,6,0
2.288,0.022729,3,0
2.271,0.013607,2,0
2.2851,0.024471,2,0
2.2845,0.030674,2,0
2.3666,0.04412,5,0
2.3361,0.038755,5,0
2.301,0.027038,2,0
2.3003,0.032184,2,0
2.3688,0.040112,2,0
2.3383,0.036844,2,0
2.4829,0.02359,12,0
2.5306,0.011355,0,0
2.5091,0.016152,0,0
2.4905,0.014688,0,0
2.4899,0.012218,0,0
2.4894,0.0098888,0,0
2.4889,0.010804,0,0
2.5064,0.011741,0,0
2.4915,0.013938,0,0
2.4909,0.011841,0,0
2.4903,0.0093955,0,0
2.4898,0.0087829,0,0
2.4893,0.0098268,0,0
2.5068,0.0107,0,0
2.5068,0.01424,0,0
2.5064,0.015614,0,0
2.5431,0.01601,0,0
2.5428,0.015533,0,0
2.5424,0.012934,0,0
2.5609,0.011983,0,0
2.5002,0.012704,1,0
2.4993,0.012709,1,0
2.4858,0.007924,1,0
2.4848,0.0078863,2,0
2.4831,0.01146,5,0
2.5625,0.011655,0,0
2.5622,0.010146,0,0
2.5801,0.00081517,0,0
2.5801,0.00081415,0,0
2.5801,0.00081468,0,0
2.4863,0.0075668,1,0
2.4854,0.0083578,2,0
2.5807,0.0048639,0,0
2.5033,0.011882,3,0
2.5024,0.012096,5,0
2.5015,0.012341,6,0
2.481,0.0061139,5,0
2.4589,0.0033835,3,0
2.4583,0.0070448,4,0
2.4577,0.0082601,5,0
2.4753,0.012399,5,0
2.4748,0.020412,4,0
2.4924,0.019722,3,0
2.4673,0.011828,0,0
2.4665,0.011848,0,0
2.4838,0.010292,0,0
2.483,0.0080939,0,0
2.4823,0.0063545,0,0
2.4815,0.0068329,0,0
2.4634,0.0094107,3,0
2.4627,0.0096148,4,0
2.462,0.0074989,5,0
2.4713,0.010348,5,0
2.4704,0.0093969,6,0
2.4836,0.0073157,4,0
2.4829,0.0079471,4,0
2.464,0.0097443,6,0
2.4634,0.0098419,8,0
2.4627,0.006371,10,0
2.4621,0.0063366,9,0
2.4615,0.0072169,8,0
2.4912,0.010161,7,0
2.4851,0.0074088,7,0
2.4843,0.0082309,9,0
2.4836,0.0089889,9,0
2.5849,0.0077971,0,0
2.4892,0.0095823,14,0
2.4883,0.010006,14,0
2.4874,0.0090237,12,0
2.4859,0.0064994,12,0
2.4851,0.0073308,14,0
2.4843,0.0080087,14,0
2.4804,0.010326,13,0
2.4799,0.010279,9,0
2.4807,0.0090932,12,0
2.5873,0.0080732,0,0
2.4999,0.008837,14,0
2.5165,0.015737,7,0
2.5342,0.011388,5,0
2.5157,0.0086872,3,0
2.5153,0.0086036,2,0
2.5324,0.0094499,3,0
2.5321,0.010875,3,0
2.5506,0.01168,6,0
2.5695,0.0090193,6,0
2.5693,0.0067187,7,0
2.5692,0.0012062,6,0
2.5355,0.014083,12,0
2.5351,0.011278,10,0
2.5166,0.0086631,8,0
2.5162,0.0085146,7,0
2.5158,0.0083374,6,0
2.5155,0.0083492,7,0
2.5333,0.0086333,8,0
2.533,0.010702,7,0
2.5328,0.0090897,7,0
2.5516,0.011905,8,0
2.5514,0.012233,7,0
2.5704,0.011459,6,0
2.5702,0.01079,7,0
2.5701,0.0063174,6,0
2.57,0.0051525,4,0
2.5699,0.0063419,2,0
2.5891,0.010007,0,0
2.5892,0.010028,0,0
2.5167,0.0081722,11,0
2.5164,0.008447,11,0
2.5525,0.012237,7,0
2.5523,0.012661,5,0
2.571,0.0080126,2,0
2.5709,0.0076921,1,0
2.5708,0.0080059,0,0
2.59,0.0099551,0,0
2.5901,0.010456,0,0
2.5602,0.019434,7,0
2.5343,0.011449,12,0
2.5341,0.011566,9,0
2.5531,0.011333,5,0
2.5529,0.010827,4,0
2.5528,0.0084028,3,0
2.5718,0.0084246,1,0
2.5718,0.0082632,0,0
2.5718,0.0080275,0,0
2.5719,0.0084043,0,0
2.5353,0.0091656,17,0
2.5351,0.0090136,14,0
2.554,0.010017,10,0
2.5539,0.010149,9,0
2.5537,0.0079486,8,0
2.5536,0.0087358,5,0
2.5536,0.0089653,3,0
2.5535,0.0080987,2,0
2.5726,0.008113,1,0
2.5727,0.0062849,0,0
2.5728,0.0072672,0,0
2.5545,0.0097754,6,0
2.5545,0.0088664,4,0
2.5736,0.0075476,2,0
2.5736,0.0055284,0,0
2.5747,0.0098521,8,0
2.5746,0.0083155,5,0
2.5746,0.0059568,2,0
2.5747,0.0014174,1,0
2.5757,0.0087982,12,0
2.5757,0.0068536,8,0
2.5757,0.0046791,4,0
2.5757,0.0014681,2,0
2.5504,0.0066696,13,0
2.5767,0.0015272,6,0
2.5768,0.001538,3,0
2.5768,0.0015239,0,0
2.5769,0.0015264,0,0
2.554,0.0075588,8,0
2.5778,0.001267,11,0
2.5779,0.0012475,8,0
2.5779,0.0012205,5,0
2.578,0.0013551,4,0
2.5781,0.0014515,3,0
2.5577,0.008145,7,0
2.5564,0.0087544,10,0
2.5789,0.00090041,16,0
2.579,0.00090186,13,0
2.579,0.00090531,10,0
2.5791,0.0013187,8,0
2.5792,0.0015028,6,0
2.5588,0.0082266,12,0
2.5575,0.0088922,15,0
2.5817,0.0068974,8,0
2.5819,0.0085805,4,0
2.5633,0.0068813,0,0
2.5829,0.008159,10,0
2.583,0.0082937,5,0
2.5645,0.0069174,0,0
2.5534,0.012146,7,0
2.5519,0.008115,12,0
2.5546,0.014479,5,0
2.5532,0.010316,10,0
2.5478,0.00064334,19,0
2.548,0.0088925,11,0
2.5559,0.019918,5,0
2.5544,0.017787,10,0
2.5491,0.00064334,19,0
2.5492,0.0055397,16,0
2.5493,0.0088028,13,0
2.5494,0.0094066,12,0
2.5688,0.009158,11,0
2.5757,0.027445,5,0
2.5742,0.027546,10,0
2.5518,0.0068384,4,0
2.5955,0.029452,5,0
2.5941,0.029966,10,0
2.5531,0.0084496,4,0
2.6361,0.023337,5,0
2.6346,0.023852,10,0
2.535,0.0088678,17,0
2.5351,0.0091214,14,0
2.5353,0.0099002,11,0
2.5355,0.0097496,11,0
2.5542,0.0085465,7,0
2.6374,0.016166,5,0
2.6359,0.01597,10,0
2.6278,0.010423,12,0
2.5827,0.010311,10,0
2.582,0.007055,12,0
2.5813,0.0085874,14,0
2.5364,0.010384,15,0
2.5365,0.010491,11,0
2.5367,0.010154,7,0
2.5369,0.0096092,6,0
2.5556,0.0085216,4,0
2.6192,0.013548,5,0
2.6177,0.013604,10,0
2.6505,0.0093851,14,0
2.6495,0.009121,10,0
2.5841,0.0099996,5,0
2.5834,0.010659,7,0
2.5827,0.013293,9,0
2.5562,0.010971,7,0
2.5563,0.010298,2,0
2.5565,0.0095692,1,0
2.5568,0.0092089,1,0
2.6206,0.014168,5,0
2.6191,0.014417,10,0
2.5057,0.0046668,11,0
2.5053,0.0011446,14,0
2.5576,0.0092882,7,0
2.5578,0.0092922,2,0
2.6221,0.014725,5,0
2.6206,0.014786,10,0
2.5589,0.0019842,12,0
2.5591,0.0020102,7,0
2.5592,0.0068272,2,0
2.6432,0.015984,5,0
2.6417,0.015279,10,0
2.6375,0.0090186,13,0
2.5604,0.0084127,12,0
2.5605,0.0073322,7,0
2.5607,0.010245,2,0
2.6447,0.015243,5,0
2.6432,0.01423,10,0
2.639,0.0076141,9,0
2.5619,0.010781,12,0
2.5621,0.010434,7,0
2.5622,0.012358,2,0
2.5829,0.011628,8,0
2.5831,0.013231,3,0
2.5845,0.010929,12,0
2.5847,0.012715,7,0
2.5861,0.01336,12,0
2.5863,0.014639,7,0
2.6283,0.013424,6,0
2.6269,0.012277,10,0
2.6255,0.008916,15,0
2.5322,0.010821,6,0
2.532,0.0074143,11,0
2.5318,0.0075577,16,0
2.6299,0.013036,3,0
2.6285,0.011703,6,0
2.6271,0.0086279,11,0
2.5904,0.015136,10,0
2.5151,0.0066625,13,0
2.6088,0.0097901,10,0
2.6089,0.012973,5,0
2.6119,0.011849,0,0
2.6104,0.01072,2,0
2.609,0.0079039,7,0
2.6077,0.0076779,12,0
2.5921,0.010007,10,0
2.5167,0.0059628,10,0
2.6104,0.0063062,12,0
2.6106,0.01061,7,0
2.6135,0.010732,0,0
2.6121,0.0094742,1,0
2.6107,0.0062372,5,0
2.6093,0.0058697,10,0
2.5183,0.0023477,10,0
2.612,0.0013895,16,0
2.6121,0.0085071,11,0
2.6123,0.011377,6,0
2.6152,0.007847,0,0
2.6138,0.0066649,0,0
2.6124,0.0027492,3,0
2.611,0.0025057,8,0
2.5204,0.0081008,0,0
2.5202,0.0067682,5,0
2.52,0.005274,10,0
2.6169,0.0078642,0,0
2.6155,0.0066826,0,0
2.6141,0.002801,2,0
2.6127,0.0025417,7,0
2.6113,0.002321,12,0
2.5039,0.0094484,0,0
2.5221,0.010151,0,0
2.5219,0.0093311,5,0
2.5217,0.0067947,10,0
2.6186,0.0096024,0,0
2.6172,0.0085202,0,0
2.6158,0.0050376,1,0
2.6144,0.0047065,6,0
2.6131,0.0041481,11,0
2.5054,0.012023,1,0
2.5051,0.011411,6,0
2.5234,0.0078779,11,0
2.6189,0.0096327,0,0
2.6148,0.0052888,10,0
2.4899,0.012735,2,0
2.5071,0.013643,2,0
2.5069,0.011851,7,0
2.5251,0.0085025,12,0
2.6191,0.012637,14,0
2.4916,0.016209,2,0
2.5271,0.01602,7,0
2.5269,0.015599,12,0
2.6209,0.012999,11,0
2.5846,0.015736,10,0
2.4934,0.016545,2,0
2.5104,0.017864,7,0
2.5102,0.018423,12,0
2.6033,0.011884,10,0
2.4777,0.016814,5,0
2.4775,0.020446,6,0
2.4773,0.01849,11,0
2.512,0.019693,15,0
2.6051,0.018986,9,0
2.6393,0.010819,13,0
2.638,0.0073712,18,0
2.4795,0.012248,6,0
2.4793,0.017396,8,0
2.4791,0.015094,13,0
2.5138,0.016713,17,0
2.607,0.019291,8,0
2.6412,0.013497,10,0
2.6399,0.013507,15,0
2.5466,0.035114,0,0
2.5458,0.038486,0,0
2.4479,0.0090331,0,0
2.4475,0.01021,0,0
2.4472,0.0097954,0,0
2.4644,0.012563,1,0
2.4641,0.011337,4,0
2.5894,0.018797,7,0
2.6418,0.014148,12,0
2.449,0.01142,0,0
2.4662,0.014433,1,0
2.4659,0.012238,5,0
2.4832,0.0082664,9,0
2.4851,0.0085289,11,0
2.4869,0.023507,8,0
2.6286,0.0096712,7,0
2.6274,0.0077772,12,0
2.6095,0.01848,13,0
2.4591,0.018955,0,0
2.4933,0.024304,0,0
2.6011,0.014866,1,0
2.601,0.01275,0,0
2.6139,0.014589,1,0
2.6115,0.021287,9,0
2.4611,0.023227,0,0
2.5549,0.031943,12,0
2.5538,0.017747,17,0
2.3244,0.024832,0,0
2.3092,0.023438,0,0
2.532,0.038436,0,0
2.569,0.041295,1,0
2.5688,0.036227,2,0
2.3321,0.030677,6,0
2.3313,0.030437,2,0
2.3263,0.019002,0,0
2.3111,0.017704,0,0
2.3105,0.01631,0,0
2.3099,0.014835,0,0
2.3094,0.016567,1,0
2.4996,0.035421,0,0
2.5346,0.042112,0,0
2.5343,0.042744,0,0
2.59,0.038608,0,0
2.6275,0.024748,0,0
2.647,0.018309,1,0
2.6469,0.01863,2,0
2.299,0.01581,0,0
2.2984,0.013875,0,0
2.2978,0.011626,0,0
2.3118,0.010557,0,0
2.3113,0.014136,2,0
2.3107,0.016324,3,0
2.3403,0.022674,3,0
2.5366,0.04563,0,0
2.3698,0.045345,11,0
2.369,0.039798,8,0
2.2853,0.013505,0,0
2.2847,0.012494,0,0
2.2841,0.011328,0,0
2.2992,0.01131,0,0
2.2986,0.015512,2,0
2.3126,0.018349,3,0
2.3574,0.033311,3,0
2.3011,0.0097672,0,0
2.3005,0.01543,2,0
2.3146,0.019299,3,0
2.3609,0.040325,3,0
2.544,0.051146,0,0
2.3415,0.022886,6,0
2.3407,0.013411,3,0
2.4084,0.022962,8,0
2.3436,0.018181,7,0
2.3428,0.010977,3,0
2.3251,0.0074127,0,0
2.3457,0.010927,7,0
2.3449,0.0093255,3,0
2.3294,0.0077745,0,0
2.3287,0.0078217,0,0
2.3279,0.0077854,0,0
2.3272,0.0088413,0,0
2.3266,0.010146,0,0
2.3969,0.028027,6,0
2.3487,0.020806,6,0
2.3331,0.013009,5,0
2.3323,0.010292,2,0
2.3301,0.0093755,0,0
2.3442,0.009596,0,0
2.3435,0.0099844,0,0
2.3666,0.027812,4,0
2.3509,0.018751,4,0
2.3464,0.010803,0,0
2.3457,0.010729,0,0
2.3688,0.024833,1,0
2.3531,0.021068,1,0
2.3486,0.01387,0,0
2.3479,0.013117,0,0
2.5125,0.012442,0,0
2.5622,0.013508,2,0
2.5618,0.012702,1,0
2.5615,0.010457,0,0
2.5799,0.010752,0,0
2.4821,0.0080491,2,0
2.4812,0.0080521,1,0
2.4649,0.00663,7,0
2.5625,0.015901,0,0
2.5622,0.010056,0,0
2.5801,0.0107,2,0
2.5992,0.011313,2,0
2.4412,0.010574,1,0
2.4406,0.012347,2,0
2.467,0.0066755,7,0
2.4661,0.0062046,7,0
2.4653,0.0046246,6,0
2.4629,0.0014558,5,0
2.4418,0.0089133,1,0
2.4412,0.010587,2,0
2.4577,0.011444,3,0
2.4572,0.013898,4,0
2.4567,0.017123,4,0
2.4743,0.020734,3,0
2.4673,0.0067304,1,0
2.4665,0.00665,0,0
2.4657,0.0065395,0,0
2.4649,0.0073462,0,0
2.4641,0.0077015,0,0
2.4634,0.007678,0,0
2.4462,0.0082183,5,0
2.4455,0.0079402,5,0
2.4449,0.007098,5,0
2.4483,0.0086799,10,0
2.4476,0.0076777,10,0
2.4469,0.0074595,10,0
2.4462,0.0069333,10,0
2.4456,0.0060306,10,0
2.4449,0.0045429,10,0
2.4443,0.0038786,10,0
2.4702,0.013985,6,0
2.4694,0.010771,6,0
2.4685,0.007219,6,0
2.5849,0.015269,0,0
2.471,0.017397,9,0
2.4701,0.013602,10,0
2.4693,0.0054076,11,0
2.5682,0.014491,0,0
2.4984,0.00082244,13,0
2.498,0.006882,10,0
2.4976,0.0084246,10,0
2.5153,0.010365,9,0
2.5324,0.010364,8,0
2.5321,0.012044,7,0
2.5502,0.0080777,13,0
2.5501,0.0082988,9,0
2.5336,0.0091482,14,0
2.5333,0.010774,13,0
2.533,0.012024,12,0
2.5328,0.0088558,15,0
2.5516,0.0091065,17,0
2.5511,0.008401,16,0
2.5319,0.0083769,11,0
2.5318,0.008748,6,0
2.5317,0.010238,3,0
2.5508,0.012812,0,0
2.5509,0.013372,0,0
2.5328,0.0075074,9,0
2.5326,0.0081937,4,0
2.5326,0.0081786,1,0
2.5517,0.012806,0,0
2.5518,0.013027,0,0
2.5795,0.018318,2,0
2.5337,0.0048885,12,0
2.5336,0.0067057,7,0
2.5335,0.0068834,3,0
2.5527,0.013211,0,0
2.5528,0.012344,0,0
2.5346,0.00076255,16,0
2.5345,0.0046622,11,0
2.5344,0.0054606,6,0
2.5344,0.0061187,4,0
2.5344,0.0072762,3,0
2.5536,0.015251,1,0
2.5537,0.012891,1,0
2.5354,0.0013729,6,0
2.5353,0.0058633,4,0
2.5354,0.012322,1,0
2.5364,0.0011391,11,0
2.5363,0.0069878,8,0
2.5364,0.013059,4,0
2.5374,0.00082472,16,0
2.5374,0.0077995,13,0
2.5374,0.015319,8,0
2.5566,0.017554,6,0
2.5882,0.010976,12,0
2.5869,0.011271,16,0
2.5576,0.016697,9,0
2.5577,0.013163,6,0
2.5769,0.0093797,3,0
2.5918,0.0075233,8,0
2.5779,0.012294,9,0
2.578,0.0095959,5,0
2.5589,0.0092126,2,0
2.5761,0.0090049,7,0
2.5748,0.0062141,10,0
2.579,0.010213,13,0
2.5791,0.0097967,8,0
2.56,0.0091671,4,0
2.5772,0.0084529,12,0
2.5759,0.0048878,15,0
2.5804,0.009176,6,0
2.5815,0.0085952,9,0
2.5625,0.0087451,5,0
2.5627,0.0083039,1,0
2.5633,0.0084953,0,0
2.5511,0.012676,4,0
2.5496,0.0085211,8,0
2.5827,0.0076488,12,0
2.5637,0.0093056,7,0
2.5638,0.0096335,2,0
2.5645,0.0082363,0,0
2.5534,0.012389,5,0
2.5519,0.0078974,10,0
2.5546,0.014665,5,0
2.5532,0.011659,10,0
2.5559,0.023798,5,0
2.5544,0.023483,10,0
2.5687,0.0089982,16,0
2.5688,0.009038,11,0
2.5757,0.027315,5,0
2.5742,0.027843,10,0
2.5513,0.0098055,4,0
2.5515,0.0074482,2,0
2.5335,0.0075547,0,0
2.6151,0.026513,5,0
2.6136,0.026764,10,0
2.5526,0.0092404,4,0
2.5529,0.0074478,2,0
2.5349,0.0079792,0,0
2.6165,0.023102,5,0
2.615,0.022915,10,0
2.5351,0.0011375,16,0
2.5353,0.0054169,11,0
2.5355,0.0062823,6,0
2.5359,0.0060142,2,0
2.6178,0.017298,5,0
2.6163,0.016501,10,0
2.5365,0.0072511,12,0
2.5367,0.0080593,7,0
2.5369,0.0074854,3,0
2.5373,0.0081554,1,0
2.6389,0.014098,5,0
2.6373,0.014024,10,0
2.6709,0.0087566,15,0
2.67,0.0078228,11,0
2.6421,0.013755,9,0
2.6414,0.025088,11,0
2.5379,0.0089751,8,0
2.5381,0.0091278,3,0
2.5383,0.0066925,0,0
2.5385,0.0071339,0,0
2.6403,0.012547,5,0
2.6388,0.012466,10,0
2.4874,0.012803,11,0
2.487,0.0083034,14,0
2.5393,0.0096128,8,0
2.5395,0.0099762,3,0
2.6417,0.012461,5,0
2.6402,0.012521,10,0
2.5589,0.0067327,13,0
2.5408,0.010231,8,0
2.5409,0.010696,3,0
2.6432,0.012117,5,0
2.6417,0.012059,10,0
2.6774,0.0087978,13,0
2.5422,0.010836,8,0
2.5424,0.011318,3,0
2.6644,0.014129,5,0
2.6629,0.014244,10,0
2.679,0.011113,9,0
2.5437,0.010166,12,0
2.5439,0.010606,8,0
2.4911,0.015128,12,0
2.5452,0.0085995,16,0
2.5454,0.0090588,13,0
2.4924,0.016579,8,0
2.4922,0.0093847,12,0
2.4939,0.016846,3,0
2.4937,0.010181,8,0
2.5119,0.0086916,13,0
2.6283,0.011434,6,0
2.6269,0.010176,8,0
2.6255,0.0084505,13,0
2.6241,0.0085065,16,0
2.4955,0.017422,0,0
2.4953,0.010854,5,0
2.5135,0.0088032,10,0
2.6102,0.011519,3,0
2.6088,0.010522,4,0
2.6074,0.0082301,9,0
2.6257,0.0084759,13,0
2.5151,0.011212,10,0
2.6119,0.010535,0,0
2.6104,0.010446,0,0
2.609,0.0080726,5,0
2.6273,0.0084546,10,0
2.5167,0.011937,10,0
2.6135,0.0070778,0,0
2.6121,0.0099106,0,0
2.6107,0.010543,4,0
2.629,0.011662,9,0
2.5183,0.012063,10,0
2.6152,0.010861,0,0
2.6138,0.013962,0,0
2.6124,0.014193,3,0
2.6307,0.0152,8,0
2.4846,0.014389,0,0
2.4844,0.011987,5,0
2.5016,0.011623,10,0
2.6169,0.012824,0,0
2.6155,0.016036,0,0
2.6141,0.015578,2,0
2.6324,0.015973,7,0
2.6508,0.015949,12,0
2.4865,0.010307,0,0
2.4863,0.014144,0,0
2.486,0.011352,5,0
2.5032,0.01056,10,0
2.6186,0.014165,0,0
2.637,0.017325,0,0
2.6355,0.017246,1,0
2.6539,0.023299,5,0
2.6525,0.028402,9,0
2.488,0.015175,1,0
2.4877,0.011609,6,0
2.505,0.0094603,11,0
2.6387,0.017991,0,0
2.6543,0.03048,6,0
2.4725,0.014173,2,0
2.4897,0.015922,2,0
2.4894,0.011914,7,0
2.5067,0.0087284,12,0
2.7151,0.02924,8,0
2.7137,0.027003,13,0
2.4742,0.016278,2,0
2.5086,0.013816,7,0
2.5084,0.010278,12,0
2.7169,0.028969,5,0
2.7156,0.024165,10,0
2.566,0.012378,10,0
2.476,0.01787,2,0
2.4929,0.016236,7,0
2.4928,0.010943,12,0
2.7188,0.027667,2,0
2.7175,0.020945,7,0
2.737,0.0091014,12,0
2.4602,0.018125,4,0
2.4775,0.021185,5,0
2.4773,0.018757,10,0
2.4945,0.011457,15,0
2.7207,0.027309,1,0
2.7194,0.021052,6,0
2.7389,0.012276,11,0
2.4446,0.015523,5,0
2.4793,0.019399,7,0
2.4791,0.017974,12,0
2.4964,0.0080287,17,0
2.5687,0.0082392,12,0
2.607,0.0077051,9,0
2.7227,0.025997,0,0
2.7214,0.019723,4,0
2.7409,0.012417,8,0
2.4314,0.0074005,0,0
2.4311,0.0078848,0,0
2.4472,0.0070856,0,0
2.4469,0.0085103,0,0
2.4466,0.011397,3,0
2.4463,0.019077,5,0
2.6089,0.010458,7,0
2.7429,0.015498,6,0
2.4325,0.0078204,0,0
2.4487,0.0098547,0,0
2.4484,0.010767,4,0
2.4482,0.023097,6,0
2.5726,0.013186,9,0
2.7227,0.015727,9,0
2.7215,0.010849,14,0
2.5379,0.033528,12,0
2.537,0.034924,7,0
2.4675,0.025556,6,0
2.5196,0.029081,13,0
2.5194,0.0068811,18,0
2.7248,0.01732,7,0
2.7235,0.016859,12,0
2.422,0.016204,0,0
2.4694,0.026281,4,0
2.5216,0.025687,10,0
2.5214,0.02569,14,0
2.7268,0.020465,5,0
2.7256,0.021624,10,0
2.5062,0.02852,3,0
2.5059,0.021577,8,0
2.5233,0.030013,11,0
2.6882,0.020106,5,0
2.6869,0.022158,10,0
2.5439,0.038239,8,0
2.4426,0.016822,0,0
2.4757,0.021296,0,0
2.6403,0.013757,1,0
2.6724,0.019853,3,0
2.4445,0.019258,0,0
2.5925,0.038575,13,0
2.5538,0.024778,16,0
2.5527,0.024778,16,0
2.3244,0.01948,0,0
2.3092,0.020229,0,0
2.5143,0.034792,2,0
2.5503,0.037802,2,0
2.5501,0.035488,2,0
2.3321,0.030484,6,0
2.3313,0.028463,2,0
2.3263,0.01397,0,0
2.3111,0.016223,0,0
2.3105,0.016723,0,0
2.3401,0.018252,0,0
2.3395,0.018679,0,0
2.482,0.031947,2,0
2.5713,0.034784,2,0
2.6078,0.028389,0,0
2.6273,0.023747,0,0
2.6272,0.023305,1,0
2.6665,0.02117,1,0
2.299,0.012118,0,0
2.2984,0.015806,0,0
2.2978,0.016989,0,0
2.3264,0.018407,0,0
2.3258,0.019459,0,0
2.3253,0.016035,0,0
2.3559,0.017385,0,0
2.5366,0.042554,2,0
2.3855,0.049357,11,0
2.3846,0.048641,8,0
2.2853,0.011547,0,0
2.2847,0.014831,0,0
2.2997,0.016064,0,0
2.3137,0.017134,0,0
2.3132,0.019793,0,0
2.3272,0.017869,0,0
2.3579,0.01949,0,0
2.3574,0.026284,0,0
2.3157,0.014493,0,0
2.3151,0.019635,0,0
2.3291,0.019213,0,0
2.3598,0.021337,0,0
2.3594,0.029323,0,0
2.3765,0.038015,0,0
2.5264,0.041181,0,0
2.3267,0.027615,6,0
2.3259,0.016828,3,0
2.3288,0.02347,7,0
2.3281,0.016211,3,0
2.3093,0.0078421,0,0
2.331,0.016149,8,0
2.3302,0.016369,3,0
2.3136,0.010848,0,0
2.3129,0.0099073,0,0
2.3121,0.008308,0,0
2.3114,0.010758,0,0
2.3108,0.014587,0,0
2.3635,0.044686,10,0
2.3331,0.018402,7,0
2.3323,0.018931,2,0
2.3143,0.010162,0,0
2.3294,0.012895,0,0
2.3287,0.017815,0,0
2.3657,0.045922,7,0
2.3316,0.014056,0,0
2.3309,0.020237,0,0
2.3679,0.046336,4,0
2.3338,0.016542,0,0
2.3331,0.024305,0,0
2.4829,0.023154,12,0
2.6559,0.014111,0,1
2.4849,0.011664,0,1
2.4777,0.015131,0,1
2.6781,0.01417,0,1
2.4749,0.0040703,0,1
2.5801,0.019802,0,1
2.4964,0.030906,0,1
2.5179,0.0019612,3,1
2.5705,0.016646,4,1
2.6284,0.012541,0,1
2.5167,0.0035841,0,1
2.4656,0.0083712,0,1
2.5949,0.010586,0,1
2.3923,0.026968,1,1
2.5074,0.038958,1,1
2.4643,0.010668,0,1
2.5426,0.034494,0,1
2.7351,0.0093172,0,1
2.6014,0.010859,0,1
2.6239,0.016424,0,1
2.5399,0.012574,0,1
2.5995,0.025224,0,1
2.5292,0.0087112,2,1
2.5287,0.0062622,0,1
2.5436,0.0217,0,1
2.5604,0.0087023,0,1
2.5068,0.0098697,0,1
2.6709,0.020173,0,1
2.5483,0.0069743,0,1
2.5858,0.013257,0,1
2.3194,0.025709,5,1
2.6887,0.0071157,0,1
2.5135,0.01413,0,1
2.3927,0.059813,0,1
2.6069,0.01205,0,1
2.6525,0.014169,0,1
2.4906,0.028615,0,1
2.569,0.048582,0,1
2.4831,0.045967,0,1
2.6511,0.012037,2,1
2.4512,0.0066844,0,1
2.3985,0.011079,0,1
2.5379,0.015968,0,1
2.5391,0.039985,9,1
2.6,0.0098352,0,1
2.4846,0.015526,0,1
2.588,0.022265,0,1
2.4318,0.0072508,0,1
2.6073,0.012643,0,1
2.5312,0.016445,0,1
2.4107,0.040317,3,1
2.397,0.036621,0,1
2.5328,0.0096976,0,1
2.6669,0.0033592,0,1
2.5416,0.011273,0,1
2.2311,0.010099,0,1
2.6011,0.010057,0,1
2.6016,0.010599,0,1
2.6794,0.0094172,0,1
2.5727,0.0097631,0,1
2.584,0.01418,0,1
2.5468,0.010949,0,1
2.374,0.02715,1,1
2.5953,0.0084198,0,1
2.4101,0.0083315,0,1
2.4921,0.018882,3,1
2.556,0.029669,0,1
2.5905,0.013801,0,1
2.3788,0.0359,0,1
2.5126,0.0074261,0,1
2.4588,0.018384,4,1
2.5009,0.018416,7,1
2.4922,0.013528,0,1
2.5254,0.016248,0,1
2.5552,0.030544,0,1
2.3149,0.01253,14,1
2.6014,0.022723,0,1
2.6797,0.010809,0,1
2.5918,0.011696,0,1
2.6243,0.015477,0,1
2.467,0.0066958,0,1
2.6571,0.012688,0,1
2.5985,0.027679,0,1
2.6167,0.012851,0,1
2.5444,0.008487,0,1
2.6108,0.0065245,0,1
2.4417,0.023163,11,1
2.4919,0.013542,10,1
2.5375,0.0066048,0,1
2.5128,0.022799,0,1
2.533,0.013163,0,1
2.6166,0.014842,0,1
2.63,0.010371,0,1
2.5928,0.011018,0,1
2.7115,0.0080871,1,1
2.6378,0.018705,0,1
2.5587,0.0090595,0,1
2.697,0.01088,0,1
2.6521,0.014659,0,1
2.6034,0.017184,0,1
2.695,0.0085975,0,1
2.6579,0.013588,0,1
2.6181,0.01918,0,1
2.7055,0.011947,0,1
2.5321,0.011409,0,1
2.611,0.011456,0,1
2.537,0.013068,8,1
2.5642,0.031355,0,1
2.475,0.019401,0,1
2.5628,0.010041,0,1
2.5951,0.030629,0,1
2.5924,0.010038,0,1
2.606,0.010246,0,1
2.6196,0.020791,0,1
2.6167,0.019253,0,1
2.6729,0.0034444,0,1
2.5986,0.01337,2,1
2.6427,0.015642,1,1
2.5084,0.016361,1,1
2.4623,0.0039332,0,1
2.4696,0.0099626,0,1
2.5126,0.0097547,0,1
2.5457,0.015369,0,1
2.5356,0.010078,6,1
2.567,0.0074955,0,1
2.4383,0.010557,0,1
2.675,0.0071038,0,1
2.6233,0.0089872,0,1
2.4604,0.017818,2,1
2.597,0.015567,0,1
2.5106,0.0092419,0,1
2.5053,0.0067619,0,1
2.4921,0.0016076,1,1
2.5823,0.018146,0,1
2.5606,0.0085428,0,1
2.6655,0.0068696,0,1
2.6907,0.0071955,0,1
2.5793,0.02207,0,1
2.3976,0.011429,0,1
2.6441,0.013945,0,1
2.5721,0.012892,0,1
2.5586,0.0080748,0,1
2.5099,0.018132,0,1
2.6075,0.028537,0,1
2.5264,0.00099415,0,1
2.6719,0.015349,0,1
2.5203,0.032567,0,1
2.6295,0.0097019,0,1
2.6151,0.016625,0,1
2.5326,0.0055742,0,1
2.529,0.012429,0,1
2.5998,0.00743,2,1
2.6233,0.0053485,0,1
2.5899,0.014453,0,1
2.5034,0.020776,4,1
2.4571,0.0093506,0,1
2.4961,0.040826,0,1
2.45,0.0071149,0,1
2.5388,0.014496,0,1
2.7071,0.0085566,0,1
2.5778,0.0077777,0,1
2.5936,0.010364,0,1
2.5987,0.016598,0,1
2.5398,0.015863,0,1
2.5544,0.025544,0,1
2.5606,0.0099096,0,1
2.5106,0.0078436,0,1
2.6695,0.011444,0,1
2.4421,0.057805,0,1
2.6981,0.0076086,0,1
2.6145,0.018158,6,1
2.5453,0.013408,0,1
2.5105,0.024241,0,1
2.5332,0.014815,0,1
2.5261,0.0021406,0,1
2.499,0.012595,0,1
2.6819,0.007465,0,1
2.4472,0.012725,0,1
2.4818,0.0075465,0,1
2.6054,0.0065208,0,1
2.5211,0.030559,0,1
2.3953,0.052227,0,1
2.5362,0.013269,0,1
2.6629,0.012874,0,1
2.5385,0.006772,0,1
2.5793,0.023925,0,1
2.5283,0.031647,0,1
2.5308,0.021947,0,1
2.6212,0.044442,0,1
2.5814,0.022163,0,1
2.3217,0.032532,2,1
2.48,0.016579,0,1
2.5655,0.023162,0,1
2.5121,0.0040066,0,1
2.6446,0.018494,0,1
2.5726,0.03425,0,1
2.5587,0.013322,0,1
2.5466,0.014501,2,1
2.599,0.014343,0,1
2.5991,0.014743,6,1
2.5174,0.010082,0,1
2.4447,0.0185,0,1
2.6711,0.0090016,0,1
2.6078,0.0086795,0,1
2.4259,0.024889,0,1
2.5434,0.0078564,3,1
NaN,0.0105,12,1
2.494,0.016754,0,1
2.4271,0.023684,2,1
2.5152,0.0083152,0,1
2.66,0.020724,0,1
2.6293,0.01558,0,1
2.5213,0.037253,8,1
2.5618,0.0087971,0,1
2.5579,0.01501,0,1
2.6429,0.026442,0,1
2.6409,0.021018,0,1
2.5337,0.0018922,0,1
2.7039,0.011522,0,1
2.4308,0.012366,3,1
2.6318,0.011482,0,1
2.4695,0.0015603,2,1
2.6799,0.0087868,0,1
2.4631,0.017255,0,1
2.5268,0.031868,0,1
2.5282,0.0072955,0,1
2.58,0.013251,0,1
2.5485,0.0085563,0,1
2.6558,0.020739,1,1
2.5899,0.0086681,0,1
2.5553,0.0076478,0,1
2.4765,0.01402,1,1
2.6017,0.010094,0,1
2.563,0.0075422,0,1
2.5301,0.0079549,0,1
2.5624,0.011398,0,1
2.4916,0.0098915,0,1
2.4647,0.008547,0,1
2.507,0.029652,0,1
2.6224,0.016765,0,1
2.4712,0.020344,0,1
2.6193,0.020673,0,1
2.4724,0.039891,0,1
2.5425,0.023713,0,1
2.6783,0.0032654,0,1
2.2176,0.017252,0,1
2.5345,0.0095708,0,1
NaN,0.012581,9,1
2.6062,0.012116,0,1
2.701,0.016355,0,1
2.4973,0.005774,7,1
2.5478,0.022218,0,1
2.7199,0.013339,0,1
2.5152,0.053083,0,1
2.5541,0.022676,0,1
2.5253,0.014855,0,1
2.4458,0.048683,0,1
2.4643,0.020369,0,1
2.5716,0.036119,0,1
2.6175,0.0084643,9,1
2.5185,0.042398,0,1
2.5268,0.022414,0,1
2.4643,0.027744,0,1
2.501,0.0078673,0,1
2.6106,0.010955,0,1
2.5564,0.011744,0,1
2.5439,0.011313,0,1
2.3662,0.028412,0,1
2.5976,0.022947,0,1
2.5999,0.0095592,0,1
2.3527,0.053491,2,1
2.6108,0.004787,0,1
2.5031,0.0068816,2,1
2.4755,0.019671,0,1
2.397,0.036403,0,1
2.5753,0.0092099,0,1
2.649,0.015096,2,1
2.6155,0.011695,0,1
2.6601,0.006469,0,1
2.608,0.0099498,0,1
2.4463,0.020984,0,1
2.5146,0.012483,0,1
2.5364,0.012844,0,1
2.5111,0.013311,8,1
2.4928,0.023871,0,1
2.5993,0.014759,0,1
2.5633,0.010996,0,1
2.6065,0.013499,0,1
2.6287,0.01281,0,1
2.4219,0.042764,0,1
2.4762,0.018353,0,1
2.2452,0.026222,0,1
2.4469,0.030212,0,1
2.5944,0.0088049,0,1
2.6676,0.01793,0,1
2.3947,0.02359,8,1
2.6841,0.015634,0,1
2.6631,0.010186,0,1
2.5377,0.016603,0,1
2.5257,0.0086793,2,1
2.3577,0.017118,0,1
2.6367,0.012948,0,1
2.6052,0.0090376,0,1
2.4146,0.042429,1,1
2.4918,0.011648,0,1
2.7142,0.0084113,0,1
2.6411,0.013695,0,1
2.4722,0.017041,0,1
2.6013,0.019223,0,1
2.3238,0.018306,2,1
2.4208,0.011741,0,1
2.603,0.0099854,0,1
2.6299,0.016532,0,1
2.5375,0.020068,0,1
2.5624,0.0065672,0,1
2.5571,0.013463,0,1
2.5275,0.010462,0,1
2.5943,0.03447,0,1
2.6793,0.0089903,0,1
2.5899,0.010704,0,1
2.5709,0.015805,0,1
2.7095,0.01465,0,1
2.4928,0.014394,0,1
2.4934,0.0089868,0,1
2.481,0.0085567,0,1
2.5617,0.010819,0,1
2.4349,0.01093,0,1
2.5291,0.045766,2,1
2.6339,0.016593,2,1
2.6549,0.011051,0,1
2.5982,0.00813,0,1
2.5081,0.024388,4,1
2.4124,0.040058,1,1
2.423,0.0091066,0,1
2.5073,0.0027794,0,1
2.5181,0.013091,0,1
2.5907,0.013675,0,1
2.5462,0.0017427,0,1
2.4953,0.015629,1,1
2.488,0.0064186,15,1
2.3741,0.026054,4,1
2.5225,0.020075,0,1
2.4308,0.020144,0,1
2.6441,0.017225,0,1
2.5959,0.024649,0,1
2.6439,0.013391,0,1
2.539,0.0097887,0,1
2.6682,0.015712,0,1
2.5008,0.033891,6,1
2.687,0.011686,0,1
2.576,0.017222,0,1
2.522,0.007289,0,1
2.3672,0.023359,0,1
2.3993,0.041841,2,1
2.5463,0.011661,0,1
2.4953,0.0083608,0,1
2.276,0.014031,1,1
2.5917,0.0073324,0,1
2.6149,0.038438,0,1
2.4703,0.0079492,2,1
2.6323,0.0073935,0,1
2.555,0.013938,0,1
2.6251,0.020808,0,1
2.5339,0.0023127,0,1
2.4894,0.021719,0,1
2.4942,0.0042418,1,1
2.5614,0.0095391,0,1
NaN,0.045312,5,1
2.6092,0.010475,0,1
2.599,0.029521,0,1
2.6799,0.0070328,0,1
2.5705,0.0064773,0,1
2.5626,0.018872,0,1
2.5216,0.024297,0,1
2.6214,0.010175,0,1
2.552,0.015318,0,1
2.5217,0.012799,0,1
2.5613,0.012049,0,1
2.6341,0.0074002,3,1
2.4965,0.0080927,0,1
2.6041,0.021106,0,1
2.2439,0.020784,1,1
2.601,0.010626,0,1
2.4357,0.016998,0,1
2.6843,0.0068108,0,1
2.5255,0.038734,4,1
2.4533,0.010858,0,1
2.5042,0.020514,2,1
2.6697,0.010646,0,1
2.6274,0.020225,0,1
2.4824,0.0080731,0,1
2.4071,0.030197,5,1
2.5458,0.0058089,0,1
2.5384,0.022042,0,1
2.6705,0.013934,0,1
2.633,0.012293,0,1
2.463,0.0069942,0,1
2.6476,0.013224,0,1
2.5929,0.025639,0,1
2.5492,0.012362,0,1
2.4527,0.010387,0,1
2.2999,0.018244,0,1
2.4725,0.009807,6,1
2.6014,0.010958,0,1
2.3492,0.018551,0,1
2.5577,0.021762,0,1
2.3089,0.015341,0,1
2.5895,0.0070378,0,1
2.6929,0.0025347,0,1
2.6671,0.011939,0,1
2.5064,0.013433,0,1
2.518,0.012338,0,1
2.5639,0.0033661,0,1
2.6153,0.009401,0,1
2.3335,0.0068698,0,1
2.3643,0.039591,2,1
2.7071,0.01669,0,1
2.6789,0.0074868,0,1
2.5495,0.0090394,0,1
2.353,0.018823,0,1
2.5342,0.0069455,0,1
2.6134,0.016301,0,1
2.6514,0.017723,1,1
2.4706,0.0092367,7,1
2.6597,0.011328,0,1
2.4824,0.0069791,0,1
2.6482,0.011612,4,1
2.6736,0.010391,0,1
2.4333,0.054107,0,1
2.5877,0.0076962,0,1
2.6365,0.031077,0,1
2.6037,0.036409,3,1
2.5291,0.01466,0,1
2.6503,0.011753,0,1
2.4667,0.0068878,5,1
2.5609,0.0075911,0,1
2.4042,0.024086,4,1
2.6289,0.037258,0,1
2.304,0.028016,2,1
2.6049,0.0079937,0,1
2.6521,0.011261,0,1
2.5188,0.008446,0,1
2.5528,0.014207,0,1
2.6609,0.0091919,0,1
2.421,0.023868,0,1
2.5314,0.024194,0,1
2.6466,0.012459,0,1
2.6778,0.012814,0,1
2.528,0.0010752,0,1
2.541,0.011316,6,1
NaN,0.019267,10,1
2.6088,0.0099363,0,1
NaN,0.0073938,18,1
2.4275,0.014206,0,1
2.5784,0.017949,0,1
2.6923,0.0069045,0,1
2.4677,0.02745,0,1
2.5192,0.0085606,0,1
2.5269,0.026932,0,1
2.645,0.0082539,0,1
2.6438,0.0219,0,1
2.5053,0.012293,0,1
2.5538,0.018618,0,1
2.5812,0.019804,0,1
2.5156,0.016084,0,1
2.4941,0.016506,0,1
2.5389,0.010467,0,1
2.6584,0.0092794,0,1
2.5581,0.0091215,0,1
2.4521,0.012804,0,1
2.5018,0.010127,3,1
2.5324,0.0026273,0,1
2.5461,0.014421,0,1
2.5562,0.02164,0,1
2.3357,0.019272,0,1
2.6533,0.0097121,0,1
2.4913,0.013299,0,1
2.5236,0.007862,0,1
2.5252,0.010389,0,1
2.4561,0.0094106,0,1
2.5347,0.023616,0,1
2.573,0.012041,0,1
2.4016,0.015034,0,1
2.5265,0.0060159,2,1
2.6119,0.03056,0,1
2.6624,0.0032975,0,1
2.6398,0.016379,0,1
2.6365,0.0094624,8,1
2.2758,0.0072875,0,1
2.5509,0.0078402,0,1
2.3055,0.020612,0,1
2.451,0.015442,0,1
2.4912,0.0090178,0,1
2.6535,0.01077,0,1
2.5625,0.038225,0,1
2.4165,0.01134,0,1
2.5528,0.032305,0,1
2.6433,0.016601,0,1
2.6448,0.01975,0,1
2.4569,0.0157,0,1
2.5117,0.0028529,0,1
2.6273,0.023567,0,1
2.3713,0.028304,0,1
2.5808,0.0057348,0,1
2.5351,0.012297,0,1
2.4308,0.040798,0,1
2.4454,0.0086004,0,1
2.5152,0.01049,0,1
2.5945,0.0042284,0,1
2.5008,0.036472,6,1
2.6241,0.026308,0,1
2.4549,0.0074348,0,1
2.5265,0.013385,0,1
2.5747,0.010329,0,1
2.5099,0.025108,0,1
2.3696,0.01334,0,1
2.5197,0.012487,0,1
2.6043,0.0099551,0,1
2.5305,0.0011908,0,1
2.5503,0.011647,0,1
2.5227,0.0074518,0,1
2.582,0.0087808,0,1
2.612,0.012806,0,1
2.5477,0.0080444,14,1
2.5979,0.023936,2,1
2.6286,0.0087049,0,1
2.5322,0.013754,0,1
2.4341,0.017197,0,1
2.4926,0.016135,0,1
2.5195,0.030956,0,1
2.5229,0.0077994,0,1
2.6757,0.012495,2,1
2.5588,0.010934,0,1
2.3134,0.016956,10,1
2.497,0.011612,1,1
2.6282,0.016017,6,1
2.5786,0.013483,10,1
2.5641,0.047593,0,1
2.5266,0.0010087,0,1
2.51,0.0087451,0,1
2.7147,0.012566,0,1
2.552,0.0092836,0,1
2.6522,0.0076757,0,1
2.3613,0.054228,0,1
2.4848,0.043977,0,1
2.5101,0.0082741,0,1
2.4896,0.013613,0,1
2.4632,0.0095075,0,1
2.5571,0.016338,0,1
2.5574,0.027991,0,1
2.5948,0.0082416,0,1
2.5626,0.013504,0,1
2.6347,0.011363,0,1
2.4742,0.025317,0,1
2.6387,0.020704,0,1
2.238,0.011323,0,1
2.5813,0.0097548,2,1
2.5649,0.022823,0,1
2.6205,0.010719,0,1
2.6709,0.0091673,0,1
2.7092,0.0078957,0,1
2.5684,0.0082803,0,1
2.6604,0.0087881,0,1
2.6133,0.036115,0,1
2.4689,0.012971,0,1
2.2617,0.044287,0,1
2.6392,0.015873,0,1
2.5608,0.012836,0,1
2.5596,0.0070565,0,1
2.3592,0.026015,0,1
2.7232,0.014655,0,1
2.4815,0.0053376,0,1
2.5166,0.021632,0,1
2.5446,0.01018,0,1
2.4939,0.025577,0,1
2.4808,0.022729,0,1
2.5312,0.0042255,0,1
2.5813,0.00089031,0,1
2.6853,0.0033668,0,1
2.5189,0.008708,0,1
2.5138,0.012752,0,1
2.5485,0.010091,2,1
2.2358,0.019952,0,1
2.5789,0.010395,0,1
2.638,0.013343,0,1
2.5841,0.0063734,0,1
2.5435,0.010412,0,1
2.4964,0.013287,0,1
2.6383,0.011209,0,1
2.3365,0.02143,0,1
2.4596,0.039237,0,1
2.6013,0.013518,0,1
2.4932,0.0089282,0,1
2.5561,0.010563,0,1
2.5343,0.011354,0,1
2.5107,0.0017464,0,1
2.2208,0.014826,0,1
2.4325,0.015576,0,1
2.6118,0.010272,0,1
2.6042,0.015633,0,1
2.4619,0.018671,0,1
2.673,0.0042388,0,1
2.4591,0.018308,0,1
2.5815,0.012037,0,1
2.666,0.0054593,0,1
2.5995,0.011663,0,1
2.6211,0.026676,0,1
2.6123,0.012153,0,1
2.6488,0.014689,0,1
2.697,0.010578,0,1
2.5501,0.0074047,0,1
2.5477,0.010414,2,1
2.507,0.009724,0,1
2.5278,0.022746,0,1
2.6164,0.013332,0,1
2.5208,0.0070884,0,1
2.5361,0.01828,0,1
2.4824,0.0068573,0,1
2.6295,0.015294,0,1
2.4752,0.010128,3,1
2.5213,0.034737,9,1
2.6332,0.027269,0,1
2.4981,0.011115,0,1
2.6644,0.0088909,0,1
2.6612,0.026439,0,1
2.4757,0.0071009,2,1
2.4777,0.012865,0,1
2.5106,0.013082,2,1
2.452,0.020224,0,1
2.5796,0.0054212,0,1
2.5481,0.007121,0,1
2.4011,0.020761,0,1
2.4836,0.0069784,0,1
2.5515,0.0090039,0,1
2.6337,0.018911,0,1
2.5545,0.012315,0,1
2.2632,0.020532,0,1
2.5333,0.024364,0,1
2.5812,0.012426,0,1
2.5781,0.025797,0,1
2.6772,0.0051408,0,1
2.4753,0.018797,0,1
2.6921,0.009304,0,1
2.6607,0.015484,0,1
2.5227,0.047663,0,1
2.5665,0.012249,0,1
2.5765,0.0073432,0,1
2.6424,0.013778,1,1
2.48,0.0088047,0,1
2.4897,0.0077808,1,1
2.5036,0.019463,0,1
2.554,0.01321,0,1
2.6106,0.014882,9,1
2.4762,0.051943,0,1
2.5969,0.016288,4,1
2.5218,0.010025,0,1
2.5092,0.010966,0,1
2.3701,0.021325,1,1
2.6854,0.017858,4,1
2.4537,0.010917,0,1
2.5847,0.012649,4,1
2.5271,0.01808,0,1
2.5553,0.0079369,0,1
2.4791,0.021045,0,1
2.6363,0.010887,0,1
2.5368,0.013918,0,1
2.5591,0.011104,0,1
2.587,0.0066395,0,1
2.6802,0.0093275,0,1
2.5678,0.0070876,0,1
2.4932,0.013958,0,1
2.5061,0.035143,2,1
2.5352,0.0085177,0,1
2.6333,0.008152,0,1
2.6098,0.0097451,1,1
2.5473,0.012093,0,1
2.7079,0.008142,0,1
2.4286,0.032775,0,1
2.6018,0.0073725,0,1
2.511,0.0096977,6,1
2.3433,0.030447,0,1
2.5805,0.003916,6,1
2.4743,0.0057763,0,1
2.5157,0.01551,0,1
2.4872,0.0061294,0,1
2.5566,0.016148,0,1
2.6449,0.0084793,0,1
2.5306,0.012103,0,1
2.5141,0.012335,0,1
2.509,0.027817,0,1
2.4879,0.019535,3,1
2.5444,0.0067556,0,1
2.4743,0.026749,0,1
2.4183,0.034056,0,1
2.496,0.035854,0,1
2.5905,0.0086786,0,1
2.5485,0.01073,0,1
2.6322,0.021518,2,1
2.5065,0.041085,0,1
2.5057,0.048135,0,1
2.6859,0.021775,10,1
2.5435,0.015787,0,1
2.5292,0.021584,1,1
2.5024,0.011155,0,1
2.595,0.0078932,0,1
2.5855,0.011372,0,1
2.6085,0.01213,0,1
2.6777,0.0079189,1,1
2.6087,0.007232,0,1
2.712,0.0098265,0,1
2.5957,0.0058261,0,1
2.484,0.028501,0,1
2.445,0.01718,0,1
2.5666,0.0091467,0,1
2.5003,0.022104,0,1
2.4458,0.035361,2,1
2.4738,0.013247,0,1
2.6085,0.020872,0,1
2.3803,0.0322,2,1
2.4605,0.021296,0,1
2.4898,0.012576,0,1
2.5284,0.011742,0,1
2.5747,0.0095508,0,1
2.4081,0.014905,0,1
2.3145,0.029686,0,1
2.5152,0.022239,0,1
2.6008,0.010212,0,1
2.4762,0.014117,2,1
2.5144,0.014909,0,1
2.6656,0.013136,0,1
2.5309,0.014234,0,1
2.4842,0.0099336,0,1
2.5272,0.0068281,0,1
2.6267,0.0081673,0,1
2.4067,0.016642,0,1
2.4469,0.026381,0,1
2.5285,0.0010994,0,1
2.5782,0.0097354,0,1
2.5444,0.0096052,0,1
2.3097,0.011574,2,1
2.5897,0.04578,0,1
2.401,0.012794,0,1
2.466,0.010645,0,1
2.5407,0.024221,0,1
2.5122,0.029887,0,1
2.528,0.006501,0,1
2.5104,0.01822,0,1
2.5912,0.019124,0,1
2.6053,0.013686,5,1
2.6574,0.022247,0,1
2.5921,0.0070838,0,1
2.6313,0.01074,0,1
2.5128,0.029824,0,1
2.5717,0.021829,0,1
2.4501,0.033055,0,1
2.6769,0.010257,0,1
2.4146,0.013672,0,1
2.5098,0.017823,0,1
2.5265,0.012711,0,1
2.5067,0.0027699,0,1
2.5895,0.009481,0,1
2.6462,0.01398,0,1
2.452,0.010462,0,1
2.5267,0.010782,0,1
2.4304,0.0090675,0,1
2.4486,0.032551,0,1
2.5335,0.0094937,0,1
2.661,0.0082212,0,1
2.5035,0.013781,1,1
2.5184,0.014042,0,1
NaN,0.022156,13,1
2.5773,0.019697,0,1
2.5054,0.017414,0,1
2.5598,0.00071915,0,1
2.6247,0.0086683,14,1
2.4855,0.021673,0,1
2.4759,0.0092929,0,1
2.6723,0.010169,0,1
2.6069,0.011803,0,1
2.5974,0.010547,0,1
2.5907,0.018008,0,1
2.5403,0.017123,0,1
2.4968,0.0070459,0,1
2.4874,0.014703,0,1
2.5064,0.026045,0,1
2.6012,0.013032,0,1
2.5191,0.016745,0,1
2.298,0.044802,0,1
2.6763,0.017443,0,1
2.3975,0.030471,0,1
2.5028,0.006153,7,1
2.6226,0.017453,0,1
2.5138,0.0074417,0,1
2.5029,0.00967,0,1
2.6423,0.012057,0,1
2.632,0.034129,0,1
2.5737,0.015843,1,1
2.4595,0.030081,8,1
2.4575,0.0024821,0,1
2.6538,0.01474,0,1
2.6273,0.014519,0,1
2.467,0.0090163,0,1
2.6949,0.012695,0,1
2.5155,0.019079,6,1
2.6136,0.013404,0,1
2.6454,0.016956,0,1
2.4519,0.010113,0,1
2.7018,0.009624,0,1
NaN,0.011935,9,1
2.4017,0.036158,4,1
2.3513,0.028439,0,1
2.507,0.021242,0,1
2.3305,0.014538,0,1
2.3781,0.012344,0,1
2.585,0.0082312,0,1
2.367,0.019381,0,1
2.5726,0.026988,0,1
2.6218,0.017357,0,1
2.4413,0.005384,0,1
2.5285,0.010393,0,1
2.4452,0.021169,0,1
2.5335,0.014166,0,1
2.6729,0.017377,0,1
2.4917,0.0093863,0,1
2.565,0.0058668,0,1
2.5301,0.016477,0,1
2.6112,0.0033266,0,1
2.4566,0.010138,4,1
2.6527,0.008718,0,1
2.645,0.017636,0,1
2.5223,0.0096689,0,1
2.5204,0.010828,0,1
2.6377,0.010362,0,1
2.6264,0.0038648,0,1
2.6788,0.0032724,0,1
2.4908,0.01298,0,1
2.5319,0.019508,0,1
2.4759,0.01114,4,1
2.5191,0.0019712,0,1
2.475,0.015048,0,1
2.5964,0.014237,0,1
2.39,0.020707,0,1
2.5796,0.013088,0,1
2.6511,0.0068036,0,1
2.5526,0.010998,0,1
2.5173,0.017216,0,1
2.4573,0.0080829,0,1
2.6035,0.0094298,0,1
2.497,0.0169,0,1
2.595,0.01114,0,1
2.428,0.018557,0,1
2.6192,0.0078877,9,1
2.6251,0.021889,4,1
2.5406,0.012028,0,1
2.6847,0.0033576,0,1
2.5545,0.0050909,0,1
2.5606,0.013931,0,1
2.5659,0.012043,0,1
2.7035,0.014328,0,1
2.4822,0.015631,0,1
2.6633,0.0085604,0,1
2.6922,0.0084971,0,1
2.6085,0.0094773,0,1
2.6042,0.021122,0,1
2.4795,0.020233,0,1
2.5544,0.017822,0,1
2.5812,0.022508,0,1
2.4439,0.033903,0,1
2.5903,0.010589,0,1
2.6101,0.0058867,0,1
2.6324,0.017235,0,1
2.637,0.013665,2,1
2.4381,0.012599,0,1
2.454,0.0066436,0,1
2.508,0.017307,0,1
2.5221,0.015207,0,1
2.4826,0.0095453,0,1
2.5037,0.013812,0,1
2.5514,0.013448,0,1
2.6989,0.010689,0,1
2.6534,0.012583,0,1
2.5845,0.020831,0,1
2.4948,0.014928,0,1
2.4762,0.011597,0,1
2.6603,0.011277,0,1
2.5053,0.013224,0,1
2.4734,0.017529,0,1
2.5624,0.0074384,0,1
2.4397,0.02497,0,1
2.5937,0.0049241,2,1
2.619,0.019176,0,1
2.4459,0.038153,0,1
2.6029,0.016241,0,1
2.5379,0.03838,0,1
2.546,0.019715,0,1
2.4935,0.0014787,12,1
2.3688,0.035956,4,1
2.6605,0.012579,0,1
2.5002,0.022272,0,1
2.5085,0.007007,0,1
2.679,0.012248,0,1
2.5466,0.0045488,0,1
2.3226,0.027747,0,1
2.499,0.0051605,7,1
2.627,0.011798,0,1
2.5239,0.009299,2,1
2.5212,0.027489,0,1
2.5822,0.01126,3,1
2.2476,0.010894,0,1
2.5452,0.019677,0,1
2.6389,0.0089051,2,1
2.5145,0.0099824,0,1
2.3012,0.04399,0,1
2.6201,0.013419,0,1
2.5935,0.0066791,0,1
2.4808,0.0083521,0,1
2.6603,0.0056276,0,1
2.6071,0.022416,0,1
2.6201,0.0050152,5,1
2.4694,0.01184,0,1
2.5336,0.0070427,8,1
2.4875,0.015781,3,1
2.5912,0.0088216,0,1
2.533,0.01579,0,1
2.5899,0.0049459,0,1
2.671,0.0092419,0,1
2.6625,0.011329,0,1
2.3496,0.016746,0,1
2.5111,0.011483,0,1
2.5077,0.021014,0,1
2.5272,0.0010398,0,1
2.53,0.040965,0,1
2.4598,0.0036741,0,1
2.4682,0.0064008,0,1
2.6044,0.011417,0,1
2.6014,0.011596,0,1
2.5603,0.019714,0,1
2.6474,0.020166,0,1
2.4978,0.018197,0,1
2.5111,0.0060199,0,1
2.5282,0.040555,0,1
2.7189,0.0072955,0,1
2.5121,0.018667,0,1
2.4427,0.014372,2,1
2.583,0.010353,0,1
2.4255,0.019993,0,1
2.5418,0.0034761,1,1
2.5298,0.02226,0,1
2.4631,0.03013,2,1
2.6464,0.0092821,0,1
2.5834,0.01638,0,1
2.6077,0.013052,0,1
2.494,0.019019,0,1
2.5364,0.010835,0,1
2.5991,0.019225,0,1
2.4531,0.0085437,0,1
2.5865,0.0192,0,1
2.496,0.016671,2,1
2.5154,0.027209,0,1
2.5158,0.023356,7,1
2.5625,0.0021682,0,1
2.6025,0.010504,1,1
2.5722,0.0099532,0,1
2.3405,0.039279,3,1
2.6123,0.018197,0,1
2.3667,0.011073,0,1
2.6216,0.020499,0,1
2.6298,0.012215,0,1
2.56,0.0098341,0,1
2.5257,0.010605,0,1
2.519,0.0069381,4,1
2.5311,0.0098658,1,1
2.5788,0.013256,0,1
2.5395,0.0056784,0,1
2.5273,0.0054546,0,1
2.5397,0.010323,0,1
2.6721,0.0034327,0,1
2.6359,0.010262,0,1
2.3226,0.0086366,0,1
2.58,0.040231,2,1
2.4781,0.011169,0,1
2.5787,0.011256,0,1
2.6745,0.01036,0,1
2.4697,0.0073686,4,1
2.5908,0.0091361,0,1
2.4461,0.020143,0,1
2.4816,0.014681,0,1
2.4436,0.044922,6,1
2.6193,0.020871,0,1
2.6272,0.022378,0,1
2.5643,0.003557,0,1
2.3653,0.014287,0,1
2.5492,0.0064316,0,1
2.4669,0.015236,0,1
2.4589,0.020979,0,1
2.3935,0.060227,0,1
2.5721,0.011995,0,1
2.4463,0.03149,0,1
2.6138,0.012858,0,1
2.5523,0.012272,0,1
2.538,0.01615,0,1
2.5403,0.01117,0,1
2.5261,0.0076466,0,1
2.5155,0.010204,3,1
2.677,0.0035007,0,1
2.6398,0.010409,0,1
2.5251,0.010557,1,1
2.512,0.014307,0,1
2.5127,0.0099822,7,1
2.6254,0.001167,0,1
2.5561,0.0099805,0,1
2.5635,0.010694,0,1
2.6892,0.011675,0,1
2.6049,0.010207,0,1
2.5372,0.01897,0,1
2.4947,0.045457,0,1
2.4657,0.033216,6,1
2.5227,0.0095971,0,1
2.5416,0.0081206,0,1
2.4994,0.0033181,1,1
2.5475,0.010232,1,1
2.5656,0.024492,0,1
2.5593,0.0087437,0,1
2.602,0.01108,0,1
2.6754,0.017934,0,1
2.5791,0.012104,0,1
2.5222,0.0082855,0,1
2.4777,0.012654,0,1
2.5267,0.011352,0,1
2.5328,0.0022914,0,1
2.6924,0.0045893,0,1
2.6449,0.012962,0,1
2.5174,0.0080554,0,1
2.5422,0.048162,5,1
2.6303,0.011525,0,1
2.5504,0.017084,0,1
2.4917,0.0057588,1,1
2.5997,0.019481,0,1
2.6843,0.0097102,0,1
2.6866,0.0089992,0,1
2.4959,0.0066195,0,1
2.6915,0.011919,0,1
2.6838,0.010278,0,1
2.437,0.010869,0,1
2.5743,0.018001,0,1
2.5581,0.0091963,0,1
2.3178,0.021208,0,1
2.6644,0.015205,0,1
2.4776,0.011425,1,1
2.5269,0.021444,0,1
2.4878,0.011937,0,1
2.6864,0.012177,0,1
2.6822,0.0035687,0,1
2.6326,0.012282,0,1
2.5118,0.0084712,0,1
2.4749,0.020855,3,1
2.5969,0.0098928,0,1
2.4907,0.010807,0,1
2.4886,0.006924,0,1
2.3105,0.019619,0,1
2.2658,0.024078,0,1
2.5781,0.010006,0,1
2.6058,0.0096668,0,1
2.5277,0.0045081,0,1
2.3232,0.01945,0,1
2.5471,0.010387,0,1
2.5465,0.017664,4,1
2.487,0.0064805,0,1
2.6156,0.015351,0,1
2.5941,0.021712,0,1
2.534,0.016949,0,1
2.4857,0.014596,0,1
2.5636,0.0055338,0,1
2.546,0.010419,0,1
2.5088,0.024068,2,1
2.4644,0.018819,0,1
2.5117,0.0058584,0,1
2.6749,0.022398,0,1
2.6754,0.010932,0,1
2.5746,0.0089418,0,1
NaN,0.018304,10,1
2.693,0.010126,0,1
2.5419,0.021354,0,1
2.5482,0.0095344,2,1
2.5728,0.0095433,0,1
2.5623,0.0064501,0,1
2.5385,0.0094074,0,1
2.5167,0.008239,0,1
2.6063,0.0097857,0,1
2.6088,0.017483,0,1
2.4943,0.0074513,0,1
2.6559,0.015737,0,1
2.5121,0.0074861,0,1
2.6007,0.017503,8,1
2.6879,0.0089185,0,1
2.5056,0.011491,0,1
2.5321,0.0037596,0,1
2.4541,0.016408,0,1
2.5206,0.0020102,0,1
2.5168,0.0082139,0,1
2.6439,0.032957,0,1
2.6282,0.016268,0,1
2.5259,0.0058867,0,1
2.529,0.0053573,2,1
2.5284,0.012216,4,1
2.4379,0.044837,6,1
2.568,0.0077217,0,1
2.5159,0.011129,0,1
2.6818,0.0089667,0,1
2.4678,0.00726,4,1
2.5323,0.0022787,0,1
2.6619,0.011451,0,1
2.4182,0.013709,0,1
2.6461,0.016781,0,1
2.5135,0.017562,0,1
2.5823,0.010114,0,1
2.582,0.00092992,0,1
2.5898,0.0058466,0,1
2.6027,0.0092041,0,1
2.6103,0.01465,0,1
2.5614,0.019615,0,1
2.4568,0.0079686,0,1
2.5612,0.010471,0,1
2.684,0.020706,0,1
2.6364,0.027393,8,1
2.2298,0.020374,0,1
2.3506,0.019272,0,1
2.4299,0.017797,0,1
2.6115,0.0074417,0,1
2.5211,0.028683,0,1
2.6086,0.011641,0,1
2.6192,0.020771,0,1
2.6036,0.019633,0,1
2.4465,0.017664,0,1
2.5185,0.011625,7,1
2.6626,0.0097922,0,1
2.6922,0.007881,0,1
2.2992,0.033372,0,1
2.5395,0.0093721,0,1
2.5811,0.012437,0,1
2.5528,0.022025,0,1
2.3105,0.03409,0,1
2.3428,0.033818,0,1
2.4448,0.012441,5,1
2.5827,0.0062813,0,1
2.5415,0.0092471,0,1
NaN,0.010129,12,1
2.6079,0.010877,0,1
2.5119,0.02481,0,1
2.5798,0.015933,0,1
2.5119,0.013746,3,1
2.4508,0.024179,8,1
2.6288,0.011807,1,1
2.3104,0.012291,4,1
2.4161,0.0090246,0,1
2.5621,0.0035915,2,1
2.4093,0.03265,0,1
2.5514,0.031169,0,1
2.5955,0.023814,0,1
2.5321,0.023123,4,1
2.6052,0.015082,0,1
2.6745,0.013656,0,1
2.5828,0.0095218,0,1
2.6249,0.015642,0,1
2.6674,0.006551,0,1
2.6079,0.013053,0,1
2.4901,0.012656,1,1
2.4513,0.0079888,4,1
2.6013,0.023106,0,1
2.4653,0.011856,4,1
2.2909,0.03346,4,1
2.4664,0.012196,0,1
2.4613,0.038061,0,1
2.5882,0.01623,0,1
2.5015,0.016368,0,1
2.5461,0.011583,0,1
2.5423,0.0094413,1,1
2.5909,0.0056465,0,1
2.6079,0.020331,0,1
2.5155,0.0052509,0,1
2.5256,0.0094007,0,1
2.6868,0.0088377,5,1
2.5107,0.012135,0,1
2.4742,0.016717,0,1
2.6075,0.014265,0,1
2.5001,0.0091638,7,1
2.5488,0.0085515,0,1
2.6631,0.019767,1,1
2.2649,0.026697,2,1
2.4639,0.0071189,0,1
2.6829,0.014622,0,1
2.3369,0.023973,0,1
2.6723,0.011683,0,1
2.5412,0.010921,0,1
2.4369,0.010365,0,1
2.5157,0.0090335,0,1
2.5383,0.0072627,0,1
2.4557,0.0094975,0,1
2.5079,0.01582,0,1
2.6218,0.036936,0,1
2.5131,0.0068592,0,1
2.585,0.015869,0,1
2.5861,0.016962,0,1
2.6844,0.011845,0,1
2.6445,0.037218,0,1
2.4861,0.0062712,0,1
2.6442,0.027415,2,1
2.6961,0.011158,0,1
2.4752,0.051955,0,1
2.5408,0.013149,0,1
2.5682,0.0071081,2,1
2.5325,0.016897,0,1
2.4043,0.011212,0,1
2.566,0.0022449,0,1
2.5284,0.01509,0,1
2.4335,0.01316,0,1
2.5212,0.0036357,0,1
2.4028,0.013141,0,1
2.2616,0.0087018,0,1
2.6499,0.012019,0,1
2.678,0.010951,0,1
2.5877,0.0044931,0,1
2.6614,0.013061,7,1
2.4403,0.014051,0,1
2.5365,0.0080557,0,1
2.6602,0.010263,0,1
2.6915,0.0068096,0,1
2.5899,0.0083865,0,1
2.6501,0.017136,0,1
2.4808,0.011756,0,1
2.3927,0.023308,0,1
2.5461,0.0084757,0,1
2.5802,0.0098108,0,1
2.4862,0.019545,0,1
2.5602,0.012309,0,1
2.4718,0.0049995,0,1
2.5805,0.010348,0,1
2.6297,0.018064,0,1
2.499,0.0097746,0,1
2.6837,0.0093253,0,1
2.5498,0.0071151,0,1
2.4333,0.0096263,0,1
2.5713,0.0099178,0,1
2.5924,0.039529,0,1
2.4678,0.012299,6,1
2.5427,0.018121,0,1
2.499,0.011444,0,1
2.4292,0.0089583,0,1
2.5866,0.01695,0,1
2.4929,0.057912,4,1
2.6547,0.013774,0,1
2.3956,0.022623,4,1
2.5195,0.0097281,0,1
2.5248,0.026302,0,1
2.679,0.012202,0,1
2.5326,0.0183,0,1
2.6823,0.0054612,0,1
2.4649,0.012653,0,1
2.4921,0.023764,0,1
2.5355,0.0072242,0,1
2.6585,0.01431,0,1
2.4551,0.0098289,3,1
2.5441,0.017611,0,1
2.5523,0.011779,0,1
2.5459,0.049754,0,1
2.494,0.022016,2,1
2.6088,0.005692,0,1
2.6078,0.0081346,0,1
2.4653,0.014987,4,1
2.5507,0.0087201,0,1
2.6521,0.011116,0,1
2.5687,0.028567,0,1
2.6952,0.0087136,0,1
2.5143,0.014781,0,1
2.5709,0.025066,2,1
2.3406,0.035518,0,1
2.6329,0.0089952,0,1
2.3398,0.030928,5,1
2.5367,0.017892,0,1
2.4959,0.035406,0,1
2.3677,0.017083,0,1
2.5251,0.016282,0,1
2.4992,0.0023232,0,1
2.6894,0.010479,0,1
2.6245,0.014695,0,1
2.5246,0.010471,0,1
2.5394,0.0067001,0,1
2.6027,0.012152,0,1
2.4444,0.016844,0,1
2.5979,0.011139,8,1
2.5006,0.018972,4,1
2.5794,0.0081881,4,1
2.6125,0.010111,0,1
2.589,0.0048269,0,1
2.5465,0.014341,0,1
2.4837,0.0060495,0,1
2.3428,0.044517,6,1
2.4663,0.007143,3,1
2.4158,0.045381,3,1
2.6838,0.015387,0,1
2.4983,0.018593,0,1
2.5118,0.016964,0,1
2.4156,0.044699,0,1
2.5491,0.0089835,1,1
2.4417,0.017493,0,1
2.4888,0.041871,4,1
2.5242,0.023335,1,1
2.659,0.0072024,0,1
2.4246,0.051176,4,1
2.3054,0.028265,0,1
2.5306,0.020657,0,1
2.345,0.011113,0,1
2.5857,0.0089846,0,1
2.5612,0.012288,0,1
2.5606,0.012109,0,1
2.5635,0.011574,0,1
2.593,0.018095,0,1
2.6176,0.031252,0,1
2.593,0.027705,0,1
2.4775,0.031616,0,1
2.6218,0.018535,0,1
2.5438,0.0097456,0,1
2.5659,0.011005,0,1
2.5652,0.012467,0,1
2.6691,0.010624,0,1
2.5155,0.013159,0,1
2.6128,0.011552,0,1
2.6235,0.010201,0,1
2.5002,0.012073,0,1
2.4576,0.0086066,0,1
2.5858,0.014015,1,1
2.5295,0.010228,0,1
2.6799,0.016766,0,1
2.4792,0.007416,0,1
2.3483,0.0061189,0,1
2.4971,0.0087623,0,1
2.5976,0.015579,0,1
2.6562,0.01978,0,1
2.6177,0.022156,0,1
2.6073,0.0046801,2,1
2.6685,0.0051137,0,1
2.361,0.014737,0,1
2.6669,0.012482,0,1
2.5575,0.0074364,0,1
2.688,0.018839,0,1
2.3543,0.013154,0,1
2.447,0.022017,0,1
2.4702,0.012116,0,1
2.5872,0.008363,0,1
2.4419,0.027241,0,1
2.5817,0.01109,0,1
2.6758,0.021884,0,1
2.2517,0.014383,0,1
2.5773,0.0085325,0,1
2.463,0.0057327,0,1
2.5006,0.033405,0,1
2.5781,0.0098433,0,1
2.6025,0.011235,0,1
2.6325,0.01914,0,1
2.6782,0.010668,0,1
2.4693,0.0099702,4,1
2.6365,0.0089343,0,1
2.517,0.024651,0,1
2.6528,0.019773,0,1
2.562,0.0078062,0,1
2.4894,0.021932,0,1
2.467,0.013613,0,1
2.6011,0.017267,0,1
2.3189,0.024681,0,1
2.6679,0.01401,0,1
2.6685,0.0066193,0,1
2.5608,0.012156,0,1
2.2474,0.029002,0,1
2.5098,0.042446,0,1
2.4806,0.016897,12,1
2.3776,0.04133,0,1
2.5877,0.011591,0,1
2.5863,0.013776,1,1
2.58,0.0083808,0,1
2.2993,0.043319,0,1
2.4691,0.015202,0,1
2.54,0.02733,0,1
2.3059,0.019077,1,1
2.5268,0.010935,0,1
2.6121,0.013073,0,1
2.4682,0.012096,0,1
2.553,0.025526,0,1
2.43,0.015198,0,1
2.5233,0.023072,0,1
2.5378,0.010232,0,1
2.6012,0.013018,0,1
2.5593,0.035191,0,1
2.4583,0.014188,5,1
2.4733,0.015562,0,1
2.6973,0.007018,0,1
2.5992,0.010009,0,1
2.6221,0.017558,0,1
2.4931,0.011151,0,1
2.5828,0.010318,0,1
2.4518,0.019285,0,1
2.2208,0.0065789,0,1
2.4505,0.010362,0,1
2.6805,0.010725,0,1
2.6663,0.012379,0,1
2.514,0.0043596,0,1
2.58,0.028303,0,1
2.3525,0.039253,0,1
2.5833,0.010448,10,1
2.6154,0.0099865,0,1
2.723,0.015294,0,1
2.7,0.015437,0,1
2.5122,0.012151,0,1
2.5999,0.020655,0,1
2.577,0.0081507,0,1
2.4913,0.013455,0,1
2.6081,0.013055,0,1
2.6625,0.0049594,0,1
2.6006,0.0098127,0,1
2.3716,0.037456,0,1
2.6589,0.021921,0,1
2.5754,0.012143,0,1
2.597,0.011005,2,1
2.5561,0.0092861,0,1
2.4267,0.016778,0,1
2.4956,0.013271,0,1
2.6733,0.010482,0,1
2.6561,0.014914,0,1
2.4447,0.011689,0,1
2.4237,0.028715,0,1
2.4449,0.051093,0,1
2.5651,0.0043213,0,1
2.5411,0.0091104,0,1
2.6819,0.01076,0,1
2.5432,0.0076969,0,1
2.5993,0.008591,0,1
2.4975,0.010332,0,1
2.6679,0.0074199,0,1
2.5798,0.019644,0,1
2.3729,0.01954,0,1
2.3346,0.025611,0,1
2.6622,0.0048527,0,1
2.6249,0.012588,0,1
2.5675,0.013996,0,1
2.5093,0.028772,0,1
2.6488,0.0093519,1,1
2.6013,0.0099896,0,1
2.528,0.009234,2,1
2.594,0.014263,0,1
2.48,0.0068568,0,1
2.6451,0.017069,0,1
2.56,0.0069054,0,1
2.6194,0.0073249,1,1
2.3938,0.043296,0,1
2.6505,0.016335,0,1
2.4214,0.029992,1,1
2.431,0.01252,0,1
2.549,0.0044164,1,1
2.5101,0.0085905,0,1
2.6411,0.012425,0,1
2.4302,0.013879,0,1
2.6856,0.009906,0,1
2.527,0.0056971,0,1
2.5663,0.042161,0,1
2.4934,0.012154,0,1
2.605,0.0089295,0,1
2.6793,0.0081362,0,1
2.7273,0.012822,0,1
2.2648,0.010161,0,1
2.6673,0.0033678,0,1
2.6803,0.0042525,0,1
2.6555,0.0098765,0,1
2.6536,0.014046,0,1
2.5495,0.017716,0,1
2.3464,0.032071,4,1
2.5623,0.02329,0,1
2.4866,0.0063109,0,1
2.3773,0.026097,2,1
2.6196,0.034445,0,1
2.3968,0.046628,0,1
2.5797,0.019984,0,1
2.6112,0.0065688,0,1
2.5139,0.025461,13,1
2.5409,0.0090883,0,1
2.6363,0.015907,0,1
2.5365,0.0055418,11,1
2.567,0.017942,0,1
2.5738,0.016293,0,1
2.5599,0.012577,0,1
2.3273,0.052163,0,1
2.4787,0.023845,0,1
2.5734,0.010542,0,1
2.5014,0.019599,0,1
2.4982,0.0081433,0,1
2.4634,0.04781,0,1
2.5788,0.0072334,0,1
2.6022,0.0099362,0,1
2.5061,0.016011,0,1
2.5152,0.03918,0,1
2.3656,0.036029,1,1
2.6721,0.015878,0,1
2.6408,0.015695,0,1
2.517,0.025533,0,1
2.664,0.017425,0,1
2.5599,0.0099115,0,1
2.5774,0.0082419,0,1
2.5296,0.013562,0,1
2.4965,0.0062745,0,1
2.5779,0.026877,0,1
2.6776,0.0094599,0,1
2.543,0.0075425,0,1
2.4293,0.020594,1,1
2.5161,0.0069335,0,1
2.5382,0.011198,0,1
2.5059,0.0093003,1,1
2.5391,0.0088106,0,1
2.6368,0.0063549,0,1
2.5774,0.023752,0,1
2.4774,0.010334,0,1
2.4982,0.013439,0,1
2.496,0.013777,1,1
2.6629,0.0033053,0,1
2.5795,0.0087505,0,1
2.4665,0.012922,0,1
2.4771,0.058187,1,1
2.65,0.010999,0,1
2.5289,0.011687,3,1
2.4878,0.0079314,0,1
2.5493,0.01005,0,1
2.54,0.00968,0,1
2.5547,0.0079868,0,1
2.3004,0.044044,0,1
2.5273,0.015137,0,1
2.6994,0.011717,0,1
2.6415,0.020108,0,1
2.6402,0.010185,0,1
2.6043,0.011022,0,1
2.4379,0.035422,10,1
2.5436,0.010163,0,1
2.4117,0.012694,0,1
2.3244,0.017572,0,1
2.5865,0.012098,0,1
2.6182,0.021043,0,1
2.4195,0.034884,0,1
2.702,0.0094625,0,1
2.4971,0.013257,0,1
2.2373,0.026166,0,1
2.6958,0.008745,0,1
2.6482,0.00913,2,1
2.6251,0.020802,0,1
2.482,0.010356,2,1
2.5716,0.0069318,0,1
2.6649,0.0033327,0,1
2.4773,0.01218,0,1
2.5816,0.011488,0,1
2.5272,0.0045118,0,1
2.5474,0.0080221,0,1
2.5461,0.0054419,0,1
2.5443,0.01423,1,1
2.6734,0.0097388,0,1
2.595,0.010973,0,1
2.5207,0.0036309,0,1
2.4326,0.012659,0,1
2.6499,0.014813,0,1
2.6715,0.011551,0,1
2.5789,0.0021136,0,1
2.5473,0.0064591,0,1
2.4855,0.010497,0,1
2.349,0.011136,0,1
2.6099,0.0096125,0,1
2.4794,0.046381,5,1
2.4992,0.014111,0,1
2.5761,0.027035,0,1
2.5292,0.0063454,0,1
2.4665,0.012878,0,1
2.4557,0.021434,0,1
2.4462,0.034811,0,1
2.543,0.03182,0,1
2.434,0.0061756,1,1
2.6512,0.010896,2,1
2.5197,0.027674,0,1
2.6252,0.022195,0,1
2.5819,0.031669,0,1
2.5308,0.0069634,0,1
2.5301,0.012219,0,1
2.5271,0.029109,0,1
2.6284,0.019794,0,1
2.5102,0.014852,0,1
2.4836,0.017329,2,1
2.4785,0.0069466,0,1
2.6515,0.0082167,0,1
2.5591,0.012206,0,1
2.499,0.030127,0,1
2.5198,0.0074332,0,1
2.5457,0.016664,0,1
2.6724,0.0091687,10,1
2.3341,0.035578,0,1
2.4919,0.019096,2,1
2.6088,0.018844,0,1
NaN,0.0095437,20,1
2.591,0.02521,0,1
2.5595,0.0078017,0,1
2.6016,0.018074,0,1
2.5968,0.0039518,0,1
2.6253,0.017405,0,1
2.6577,0.0034815,0,1
2.4547,0.013077,0,1
2.6184,0.011592,9,1
2.6218,0.021783,0,1
2.4406,0.035902,0,1
2.4753,0.0093323,0,1
2.421,0.035058,2,1
2.474,0.0097798,0,1
2.5764,0.024793,0,1
2.5283,0.0071096,0,1
2.5743,0.0106,0,1
2.556,0.014118,0,1
2.5122,0.022695,0,1
2.6835,0.011711,0,1
2.5565,0.029167,0,1
2.4219,0.043713,5,1
2.4676,0.012744,3,1
2.6571,0.011788,0,1
2.6619,0.011742,0,1
2.6165,0.044742,0,1
2.5489,0.0054855,0,1
2.5214,0.0077426,0,1
2.7015,0.0074358,0,1
2.4918,0.021843,2,1
2.5597,0.0083291,0,1
2.6069,0.018636,0,1
2.6311,0.012708,0,1
2.5682,0.0048404,0,1
2.6061,0.019589,0,1
2.4817,0.015069,0,1
2.448,0.025518,0,1
2.5337,0.0065648,0,1
2.5605,0.014439,2,1
2.4754,0.0098067,0,1
2.4708,0.012791,0,1
2.535,0.0095901,0,1
2.536,0.010975,0,1
2.5584,0.010126,0,1
2.394,0.031981,4,1
2.4574,0.040744,0,1
2.4667,0.0088151,0,1
2.6061,0.011931,0,1
2.5394,0.017418,0,1
2.5308,0.0089513,0,1
2.511,0.012111,0,1
2.5344,0.012324,0,1
2.5337,0.017557,0,1
2.5336,0.016958,0,1
2.5214,0.0088917,3,1
2.5121,0.010875,0,1
2.6199,0.019676,2,1
2.6424,0.014752,0,1
2.4912,0.024706,4,1
2.4579,0.041934,0,1
2.288,0.013194,0,1
2.6744,0.0034659,0,1
2.5619,0.0087658,0,1
2.5432,0.042057,2,1
2.5832,0.011195,0,1
2.503,0.0077167,0,1
2.5088,0.026286,0,1
2.5425,0.010171,0,1
2.5474,0.0080199,0,1
2.5407,0.023259,0,1
2.4574,0.023531,0,1
2.6529,0.011484,0,1
2.4696,0.003863,0,1
2.5013,0.019761,0,1
2.66,0.01345,0,1
2.6074,0.016066,0,1
2.5671,0.012677,0,1
2.6595,0.012211,0,1
2.5327,0.0091311,0,1
2.3847,0.024846,0,1
2.4791,0.013733,0,1
2.4835,0.018114,0,1
2.6952,0.011882,0,1
2.5951,0.011612,0,1
2.4785,0.018478,0,1
2.6319,0.0091884,0,1
2.5896,0.029034,0,1
2.5201,0.030417,0,1
2.6473,0.0053201,0,1
2.4697,0.008493,4,1
2.2639,0.025936,0,1
2.5585,0.023064,0,1
2.3736,0.03596,0,1
2.5756,0.013499,4,1
2.6067,0.011849,0,1
2.6099,0.023197,0,1
2.4051,0.020361,0,1
2.6912,0.014238,0,1
2.666,0.011711,0,1
2.2197,0.027968,0,1
2.548,0.010271,0,1
2.6922,0.0034612,0,1
2.5139,0.009713,0,1
2.4561,0.020005,0,1
2.3178,0.014791,0,1
2.3388,0.030646,0,1
2.4057,0.0059823,10,1
2.6849,0.003361,0,1
2.7178,0.0070394,0,1
2.5956,0.026816,0,1
2.4997,0.013222,0,1
2.7007,0.0035762,0,1
2.6688,0.010881,0,1
2.5556,0.0064299,1,1
2.2176,0.016207,0,1
2.4398,0.042472,11,1
2.5239,0.0087939,0,1
2.5434,0.019425,0,1
2.588,0.034683,0,1
2.5819,0.0087749,0,1
2.3423,0.016026,0,1
2.5596,0.0097951,0,1
2.5407,0.010993,0,1
2.6145,0.025022,0,1
2.4106,0.02976,0,1
2.5636,0.010066,0,1
2.5466,0.017099,0,1
2.4858,0.0043898,0,1
2.6068,0.0099211,7,1
2.5442,0.012431,0,1
2.6845,0.0090476,0,1
2.471,0.008484,0,1
2.5039,0.0097325,0,1
2.3529,0.015213,0,1
2.5213,0.0072812,0,1
2.6852,0.010135,0,1
2.3918,0.017343,0,1
2.4596,0.0039067,0,1
2.5527,0.011878,0,1
2.4729,0.011136,0,1
2.5068,0.023927,0,1
2.6465,0.013194,0,1
2.3878,0.024601,0,1
2.6034,0.0095573,0,1
2.5587,0.023972,0,1
2.6551,0.0034465,0,1
2.4512,0.010856,0,1
2.579,0.021728,0,1
2.6896,0.0099381,0,1
2.6707,0.003415,0,1
2.6185,0.0062504,7,1
2.6668,0.012925,0,1
2.6191,0.013093,0,1
2.5841,0.013653,0,1
2.4737,0.010656,0,1
2.3221,0.0075807,0,1
2.5164,0.01403,0,1
2.4526,0.010557,0,1
2.5141,0.0086515,0,1
2.5506,0.028423,0,1
2.2772,0.03204,0,1
2.5485,0.010433,0,1
2.4381,0.051991,0,1
2.5791,0.012133,0,1
2.4771,0.016621,0,1
2.5894,0.012649,0,1
2.5221,0.018463,0,1
2.5268,0.012179,0,1
2.5275,0.0054194,0,1
2.678,0.0088684,0,1
2.5346,0.016013,0,1
2.6082,0.0099537,0,1
2.3512,0.023274,0,1
2.4819,0.031637,0,1
2.5053,0.0088219,0,1
2.6351,0.017428,0,1
2.5738,0.03597,0,1
2.5262,0.0085125,0,1
2.6127,0.024671,0,1
2.3402,0.035753,0,1
2.5428,0.0093858,0,1
2.6383,0.019674,0,1
2.3388,0.024186,0,1
2.5222,0.011489,0,1
2.4882,0.016574,1,1
2.6315,0.028684,0,1
2.4004,0.010476,0,1
2.5183,0.0079652,0,1
2.5469,0.012963,0,1
2.5773,0.018074,0,1
2.6435,0.018894,0,1
2.5703,0.01528,0,1
2.3881,0.014188,0,1
2.5483,0.013193,0,1
2.4853,0.0085005,0,1
2.6429,0.028743,0,1
2.6619,0.0097773,0,1
2.5568,0.024059,0,1
2.5481,0.015567,0,1
2.494,0.016971,0,1
2.5541,0.016078,0,1
2.5598,0.010464,0,1
2.5794,0.028325,0,1
2.5982,0.0084016,0,1
2.616,0.010153,0,1
2.5556,0.013413,0,1
2.56,0.0021092,0,1
2.3133,0.030034,0,1
2.5997,0.0038124,0,1
2.5486,0.0063218,0,1
2.4339,0.036901,1,1
2.3665,0.017789,0,1
2.454,0.006849,0,1
2.6285,0.013549,7,1
2.6677,0.0082041,0,1
2.6103,0.026533,0,1
2.5914,0.0081008,0,1
2.5962,0.0073633,0,1
2.6588,0.0072636,0,1
2.3493,0.017244,0,1
2.6212,0.0096043,0,1
2.6865,0.0092495,0,1
2.6262,0.019664,0,1
2.2637,0.041722,2,1
2.5139,0.0062687,3,1
2.3367,0.023302,0,1
2.5902,0.0060343,0,1
2.5306,0.0085094,0,1
2.6538,0.022178,4,1
2.5932,0.0046296,0,1
2.5491,0.015017,0,1
2.4926,0.010331,0,1
2.6067,0.014485,0,1
2.3973,0.015881,0,1
2.582,0.0060266,0,1
2.4785,0.013353,0,1
2.6073,0.027208,0,1
2.5594,0.012566,0,1
2.4334,0.022299,0,1
2.376,0.03927,4,1
2.7048,0.0084617,0,1
2.5561,0.0074102,0,1
2.4416,0.029759,0,1
2.5604,0.0090195,0,1
2.6538,0.020124,0,1
2.6326,0.012892,0,1
2.4193,0.0093852,0,1
NaN,0.063088,7,1
2.4695,0.035655,0,1
2.4731,0.018677,5,1
2.5498,0.008386,6,1
2.5507,0.020136,0,1
2.6993,0.0082235,0,1
2.4759,0.011212,0,1
2.7022,0.0096901,0,1
2.627,0.01763,0,1
2.3608,0.03337,0,1
2.6535,0.012131,0,1
2.5595,0.0082599,0,1
2.6819,0.0083163,0,1
2.6695,0.011184,0,1
2.4637,0.038096,0,1
2.6361,0.015533,0,1
2.5753,0.022933,0,1
2.6075,0.0062466,7,1
2.5912,0.014118,0,1
2.4104,0.018619,0,1
2.7142,0.0069366,0,1
2.6843,0.0077981,0,1
2.4559,0.0059409,0,1
2.5662,0.012779,2,1
2.6032,0.0056464,0,1
2.3828,0.024975,0,1
2.4392,0.013051,0,1
2.5926,0.010853,0,1
2.4928,0.042451,0,1
2.4788,0.022157,0,1
2.4664,0.0084674,0,1
2.5138,0.012214,0,1
2.4943,0.017056,0,1
2.6503,0.0092091,0,1
2.5205,0.0065154,0,1
2.3855,0.042883,0,1
2.434,0.03973,0,1
2.5296,0.012505,0,1
2.614,0.010831,8,1
2.4428,0.0182,0,1
2.4301,0.01876,0,1
2.4427,0.0075344,2,1
2.5263,0.024064,4,1
2.6071,0.011656,0,1
2.4724,0.009385,0,1
2.6819,0.017985,0,1
NaN,0.010319,20,1
2.6078,0.010283,0,1
2.6147,0.01236,3,1
2.5552,0.011042,13,1
2.568,0.019262,0,1
2.5901,0.020362,0,1
2.5806,0.0092062,6,1
2.4114,0.0085621,0,1
2.3869,0.016151,0,1
2.4795,0.0098331,0,1
2.4803,0.0062708,0,1
2.5086,0.034184,4,1
2.5467,0.01806,2,1
2.428,0.011526,0,1
2.5498,0.023408,0,1
2.3342,0.014877,1,1
2.5015,0.0077144,0,1
2.5675,0.021426,0,1
2.6297,0.013183,0,1
2.5425,0.010035,0,1
2.583,0.011791,0,1
2.6002,0.0096864,0,1
2.5663,0.018389,0,1
2.6194,0.0093055,4,1
2.5069,0.014865,0,1
2.6298,0.027002,1,1
2.4914,0.011708,0,1
2.3908,0.018176,0,1
2.5329,0.0037279,0,1
2.2756,0.022577,1,1
2.6646,0.0096878,0,1
2.5629,0.013814,0,1
2.2697,0.027968,0,1
2.5046,0.013268,0,1
2.5882,0.0091606,0,1
2.6106,0.0094135,2,1
2.511,0.014751,0,1
2.6068,0.012638,0,1
2.5802,0.0040091,0,1
2.5902,0.024884,0,1
2.5747,0.0097291,0,1
2.519,0.015753,0,1
2.5345,0.0076767,0,1
2.5624,0.0056443,0,1
2.5061,0.027009,0,1
2.6058,0.012527,0,1
2.5412,0.013031,0,1
2.4311,0.0099375,0,1
2.6496,0.014443,0,1
2.6037,0.0096608,0,1
2.4405,0.01647,0,1
2.5333,0.0082195,0,1
2.5842,0.0097471,0,1
2.5097,0.014948,0,1
2.5985,0.01577,2,1
2.6551,0.0092718,0,1
2.5019,0.0087414,0,1
2.5967,0.035747,0,1
2.5377,0.0077393,0,1
2.3186,0.014529,2,1
2.4952,0.0056205,1,1
2.4674,0.0091228,0,1
2.6513,0.014812,2,1
2.5979,0.013832,0,1
2.5486,0.027143,0,1
2.4952,0.0077078,2,1
2.4837,0.028731,12,1
2.4492,0.01135,0,1
2.5352,0.012694,0,1
2.6853,0.017245,0,1
2.3421,0.031412,10,1
2.5179,0.012166,0,1
2.5518,0.012852,0,1
2.478,0.01684,0,1
2.5605,0.010133,0,1
2.6518,0.018218,0,1
2.6407,0.012402,0,1
2.66,0.0076983,0,1
2.4891,0.021307,0,1
2.5762,0.011013,0,1
2.5476,0.015855,0,1
2.6683,0.014022,0,1
2.5638,0.0090059,0,1
2.5485,0.043274,0,1
2.581,0.020079,0,1
2.5781,0.010854,0,1
2.3572,0.04469,0,1
2.5713,0.011564,0,1
2.6085,0.0066221,0,1
2.5703,0.023512,2,1
2.6298,0.013635,0,1
2.4919,0.0080551,0,1
2.4311,0.041659,0,1
2.4893,0.0061375,0,1
2.4909,0.019159,0,1
2.4529,0.007544,0,1
2.6053,0.013099,0,1
2.6097,0.0087736,2,1
2.5698,0.034691,0,1
2.68,0.0060746,0,1
2.6794,0.0054189,0,1
2.5114,0.026367,0,1
2.657,0.01033,0,1
2.5629,0.02845,0,1
2.5914,0.0091693,0,1
2.4867,0.0079883,0,1
2.2379,0.017953,0,1
2.4729,0.010072,0,1
2.625,0.026627,2,1
2.5891,0.017826,0,1
2.4579,0.032246,0,1
2.6858,0.012276,0,1
2.5248,0.0051358,0,1
2.346,0.024207,0,1
2.5772,0.0085272,0,1
2.3766,0.041184,0,1
2.468,0.036332,4,1
2.5836,0.030594,0,1
2.5817,0.014328,0,1
2.6359,0.017226,0,1
2.5975,0.014846,0,1
2.5383,0.0091505,0,1
2.5481,0.013599,0,1
2.6108,0.017577,0,1
2.5452,0.00099186,0,1
2.4515,0.020334,9,1
2.6296,0.020734,0,1
2.5799,0.047086,2,1
2.561,0.013129,0,1
2.5257,0.00095766,0,1
2.6038,0.0017831,0,1
2.5377,0.010056,0,1
2.5808,0.0080739,0,1
2.6165,0.011084,4,1
2.5112,0.017987,6,1
2.5242,0.0085507,0,1
2.4493,0.013752,0,1
2.5254,0.0099033,0,1
2.5309,0.0068801,0,1
2.3472,0.010918,0,1
2.6203,0.011866,0,1
2.7035,0.0036139,0,1
2.5528,0.016413,0,1
2.5344,0.023027,0,1
2.4215,0.019242,0,1
2.4831,0.029037,0,1
2.6928,0.0079638,0,1
2.4484,0.015998,0,1
2.569,0.021495,1,1
2.5701,0.0018059,7,1
2.5813,0.0068909,0,1
2.513,0.025565,0,1
2.3952,0.014091,0,1
2.5511,0.0084487,0,1
2.3768,0.0072097,0,1
2.4737,0.02647,2,1
